Words,Word Frequency,Part of Speech
coordinates,1,NNS
38,4,CD
19,3,CD
n,7,JJ
127,4,CD
14,3,CD
e,2,NN
317,2,CD
233,2,CD
korea,141,JJ
region,4,NN
east,17,NN
asia,11,NN
since,8,IN
1945,5,CD
divided,3,VBD
two,26,CD
distinct,2,JJ
sovereign,2,JJ
states,22,NNS
north,38,RB
officially,7,RB
democratic,2,JJ
people,15,NNS
republic,6,VBP
south,56,JJ
consists,4,JJ
korean,142,JJ
peninsula,47,NN
jeju,4,NN
island,7,NN
several,3,JJ
minor,1,JJ
islands,4,NNS
near,1,IN
it,13,PRP
bordered,1,VBD
china,25,JJ
northwest,3,RB
russia,4,NN
northeast,2,NN
separated,1,VBD
japan,31,JJ
strait,2,NN
sea,9,NN
during,16,IN
first,12,JJ
half,5,NN
1st,5,CD
millennium,3,NN
three,26,CD
competing,1,VBG
goguryeo,47,JJ
baekje,23,NN
silla,34,NN
together,1,RB
known,13,VBN
kingdoms,18,NNS
in,32,IN
second,4,JJ
defeated,12,VBN
conquered,5,VBD
leading,6,JJ
unified,5,JJ
period,19,NN
meanwhile,1,IN
balhae,10,NN
formed,3,VBD
superseding,1,VBG
former,10,JJ
eventually,5,RB
collapsed,2,VBN
separate,4,JJ
due,7,JJ
civil,2,JJ
war,31,NN
ushering,1,VBG
later,15,RB
toward,1,IN
end,5,NN
resurrected,1,VBN
goryeo,34,JJ
single,1,JJ
state,16,NN
around,8,IN
time,15,NN
last,5,JJ
crown,4,JJ
prince,6,NN
fled,1,VBD
also,20,RB
spelled,2,JJ
kory,2,NN
whose,7,WP$
name,15,NN
developed,7,VBD
modern,11,JJ
exonym,1,NN
highly,3,RB
cultured,1,VBN
created,7,VBN
world,13,NN
metal,5,NN
movable,4,JJ
type,4,NN
1234,2,CD
3,6,CD
4,3,CD
5,3,CD
6,4,CD
7,3,CD
8,4,CD
however,14,RB
multiple,2,JJ
incursions,1,NNS
mongol,7,VBP
empire,15,NN
13th,3,JJ
century,21,NN
greatly,3,RB
weakened,4,VBD
nation,4,NN
agreed,3,VBD
become,2,VBN
vassal,2,JJ
decades,3,NNS
fighting,4,VBG
following,6,VBG
military,11,JJ
resistance,4,NN
king,9,VBG
gongmin,3,NN
ended,4,VBD
political,3,JJ
influence,11,NN
severe,2,JJ
strife,1,NN
followed,1,VBD
fell,4,VBD
coup,3,NN
led,6,VBD
general,12,JJ
yi,5,NN
seong,3,NN
gye,3,NN
established,8,VBD
joseon,25,NN
17,4,CD
july,1,NN
1392,2,CD
the,61,DT
200,5,CD
years,21,NNS
era,3,RB
marked,1,VBD
relative,1,JJ
peace,4,NN
alphabet,8,NN
sejong,5,RB
great,18,JJ
15th,4,CD
increasing,2,VBG
confucianism,5,NN
part,6,NN
dynasty,24,JJ
isolationist,2,NN
policy,2,NN
earned,1,VBN
western,13,JJ
nickname,2,JJ
hermit,2,NN
kingdom,11,NN
by,5,IN
late,4,JJ
19th,4,CD
country,9,NN
became,5,VBD
object,1,JJ
imperial,2,JJ
design,1,NN
after,7,IN
sino,2,NN
japanese,33,JJ
despite,2,IN
effort,2,NN
modernize,1,NN
annexed,5,JJ
1910,4,CD
ruled,5,VBD
ii,6,NN
august,4,NN
soviet,9,JJ
union,4,NN
united,6,VBD
surrender,2,NN
forces,2,NNS
aftermath,2,VBP
leaving,1,VBG
partitioned,2,VBN
along,6,IN
38th,3,CD
parallel,3,JJ
occupation,12,NN
u,2,JJ
s,2,NN
these,3,DT
circumstances,1,NNS
soon,1,RB
basis,1,NN
division,3,NN
superpowers,1,NNS
exacerbated,1,VBD
inability,1,NN
agree,1,NN
terms,1,NNS
independence,9,VBP
communist,1,NN
inspired,1,JJ
government,15,NN
received,3,VBD
backing,1,JJ
opposition,1,NN
pro,2,JJ
entities,1,NNS
tensions,2,NNS
resulted,4,VBD
outbreak,1,JJ
1950,4,CD
with,3,IN
involvement,1,JJ
foreign,3,JJ
troops,1,NNS
stalemate,1,VBP
1953,2,CD
without,1,IN
formalized,1,VBN
treaty,7,NN
this,10,DT
status,1,NN
contributes,1,VBZ
high,13,JJ
continue,1,NN
divide,1,IN
both,1,DT
governments,3,NNS
koreas,2,VBP
claim,2,NN
sole,1,JJ
legitimate,1,JJ
contents,1,NNS
etymology,1,VBP
spelling,2,VBG
corea,1,NN
attested,1,VBD
english,3,JJ
early,3,JJ
1614,1,CD
9,6,CD
10,4,CD
transliterated,1,JJ
cauli,1,NN
travels,1,NNS
marco,2,VBP
polo,2,JJ
11,2,CD
chinese,25,JJ
mc,3,NNS
kawlej,1,VBD
12,4,CD
mod,1,NN
g,1,NN
ol,1,NN
hanja,7,NN
mr,1,NN
introduction,1,NN
west,7,JJS
trade,5,NN
contact,1,NN
merchants,1,NNS
arabic,1,JJ
lands,1,NNS
13,1,CD
records,2,NNS
dating,1,VBG
back,3,RB
far,2,RB
9th,3,CD
continuation,1,JJ
kogury,1,NN
northernmost,1,VBD
beginning,5,VBG
5th,3,CD
15,3,CD
original,2,JJ
combination,1,NN
adjective,1,JJ
go,4,VBP
lofty,1,JJ
local,2,JJ
yemaek,1,NN
tribe,1,NN
thought,2,VBD
either,1,RB
guru,1,JJ
walled,1,VBD
city,4,NN
inferred,1,VBN
toponyms,1,JJ
historical,1,JJ
documents,1,NNS
gauri,1,VBP
center,3,NN
expanding,1,VBG
british,1,JJ
american,1,JJ
opening,1,NN
appeared,1,VBD
gradually,2,RB
grew,1,VBD
popularity,1,NN
use,4,NN
transcribing,1,VBG
asian,3,JJ
languages,3,NNS
avoids,1,NNS
issues,1,NNS
caused,1,VBD
hard,1,JJ
soft,1,JJ
cs,1,NN
existing,1,VBG
vocabulary,3,JJ
derived,2,VBN
romance,1,NN
commonly,4,RB
used,8,VBD
contexts,1,JJ
whole,2,JJ
referred,3,VBN
hanguk,1,NN
ha,1,NN
uk,1,JJ
lit,2,NN
han,6,NN
references,2,NNS
samhan,5,VBP
referring,1,VBG
ancient,7,JJ
confederacies,3,NNS
southern,11,JJ
16,1,CD
although,3,IN
written,6,VBN
relation,1,NN
place,2,NN
names,1,NNS
peoples,1,VBZ
characters,5,NNS
phonetic,2,JJ
transcription,2,NN
oc,2,NN
gar,1,NN
gan,1,JJ
native,6,JJ
word,1,NN
seems,1,VBZ
meaning,2,VBG
big,1,JJ
particularly,2,RB
reference,1,NN
leaders,2,NNS
tentatively,1,RB
linked,2,VBD
title,1,JJ
khan,2,NNP
nomads,1,NNS
manchuria,9,RB
central,2,JJ
vietnam,2,NNS
os,1,IN
ch,2,NN
sen,1,NN
oxi,1,NN
j,2,NN
us,2,PRP
tri,1,VBP
ti,1,JJ
land,5,NN
morning,2,NN
calm,2,NN
1393,1,CD
declaration,4,NN
short,3,RB
lived,1,VBD
1897,4,CD
taejo,1,NN
named,4,VBN
earlier,2,RBR
kojoseon,1,JJ
northern,7,JJ
legendary,1,JJ
prehistory,2,NN
conquest,1,JJS
108,3,CD
bce,9,NN
simply,1,RB
means,5,VBZ
old,6,JJ
usage,1,JJ
distinguish,1,JJ
pronunciation,1,NN
unclear,1,IN
whether,3,IN
t,1,NN
r,3,NN
awser,1,NN
trjewsjen,1,VBP
partial,1,JJ
translation,1,NN
capital,5,NN
asadal,1,VBD
18,2,CD
reconstructed,1,JJ
mountain,5,NN
geography,3,NN
located,5,VBN
extends,1,VBZ
southwards,1,NNS
1,15,CD
100,6,CD
km,1,NN
680,1,CD
mi,1,NN
continental,2,JJ
pacific,3,JJ
ocean,3,NN
surrounded,1,VBD
yellow,1,JJ
connecting,1,NN
bodies,1,NNS
water,3,NN
20,1,CD
to,4,TO
amnok,3,VB
river,12,NN
separates,2,NNS
duman,1,VBP
21,1,CD
notable,4,JJ
include,7,NN
ulleung,2,JJ
dokdo,2,NN
parts,6,NNS
well,6,RB
plains,2,VBZ
eastern,4,JJ
mountainous,2,JJ
highest,3,JJS
mount,9,NN
paektu,2,VBD
2,3,CD
744,1,CD
runs,1,NNS
border,2,NN
extension,1,NN
highland,2,NN
called,9,VBN
gaema,2,NN
heights,1,NNS
mainly,1,RB
raised,1,VBD
cenozoic,2,NN
orogeny,3,NN
partly,1,RB
covered,2,VBD
volcanic,6,JJ
matter,1,NN
gowon,1,VBD
successive,2,JJ
mountains,5,NNS
coast,4,VBP
range,1,NN
baekdudaegan,2,NN
some,2,DT
significant,2,JJ
sobaek,1,JJ
sobaeksan,1,JJ
439,1,CD
kumgang,1,NN
638,1,CD
seorak,1,NN
708,1,CD
taebaek,1,NN
567,1,CD
jiri,1,NN
915,1,CD
there,6,EX
lower,3,JJR
secondary,2,JJ
series,1,NN
direction,1,NN
almost,3,RB
perpendicular,1,IN
they,1,PRP
tectonic,1,VBP
line,3,NN
mesozoic,1,NN
directions,1,NNS
basically,1,RB
unlike,1,IN
mainland,2,VBP
many,7,JJ
important,5,JJ
activity,1,NN
situated,1,VBD
large,5,JJ
main,2,JJ
halla,1,NN
hallasan,1,JJ
composition,1,NN
felsic,1,JJ
tend,2,NN
younger,3,JJR
westward,3,NN
because,1,IN
mostly,2,RB
rivers,4,NNS
flow,1,VBP
westwards,1,NNS
exceptions,1,NNS
southward,1,VBP
flowing,1,VBG
nakdong,1,JJ
seomjin,1,NN
running,1,VBG
chongchon,1,NN
taedong,1,IN
geum,1,NN
yeongsan,1,NN
vast,2,JJ
flood,1,NN
provide,1,VB
ideal,1,JJ
environment,2,NN
wet,2,NN
rice,7,NN
cultivation,1,NN
southwestern,2,JJ
coastlines,2,NNS
form,5,VBP
ria,1,NNS
coastline,3,VBP
dadohae,1,JJ
jin,2,NN
its,1,PRP$
convoluted,1,JJ
provides,2,VBZ
mild,1,JJ
seas,2,NNS
resulting,3,VBG
allows,1,NNS
safe,1,JJ
navigation,1,NN
fishing,1,VBG
seaweed,2,VBD
farming,1,JJ
addition,6,NN
complex,1,NN
extremely,1,RB
tidal,2,JJ
amplitude,1,NN
incheon,1,NN
middle,5,JJ
get,1,NN
flats,1,NNS
developing,1,VBG
climate,5,JJ
temperate,1,NN
comparatively,1,RB
fewer,1,JJR
typhoons,1,NNS
countries,7,NNS
position,4,NN
unique,4,NN
influenced,4,VBD
siberia,5,JJ
rest,1,NN
eurasia,1,NN
four,5,CD
seasons,1,NNS
spring,3,VBG
summer,3,NN
autumn,3,NN
winter,3,NN
22,2,CD
as,2,IN
weakens,1,NNS
temperatures,3,NNS
begin,1,VBP
increase,2,VB
pressure,4,NN
begins,2,VBZ
move,1,VB
away,1,RB
if,1,IN
weather,3,VBN
abnormally,1,RB
dry,2,JJ
wintry,1,NN
snow,2,VBD
23,1,CD
june,3,JJ
start,1,NN
tends,1,VBZ
lot,1,NN
rain,3,NN
cold,5,JJ
air,2,NN
okhotsk,1,IN
hot,3,JJ
humid,2,NNS
combining,1,VBG
when,2,WRB
fronts,2,NNS
combine,1,VBP
leads,2,VBZ
rainy,1,JJ
season,2,NN
often,9,RB
cloudy,1,JJ
days,2,NNS
sometimes,4,RB
heavy,2,JJ
winds,1,NNS
blow,1,IN
causing,2,VBG
amount,1,NN
humidity,2,NN
moving,2,VBG
towards,2,NNS
thus,3,RB
less,2,JJR
midsummer,1,JJ
exceed,1,VBP
30,5,CD
c,1,JJ
86,2,CD
f,1,NNS
daily,2,JJ
year,12,NN
usually,5,RB
heavily,1,RB
dominant,3,JJ
clear,1,JJ
conditions,1,NNS
furthermore,2,RB
remain,3,VBP
becomes,2,NNS
relatively,2,RB
low,1,JJ
increasingly,1,RB
dominated,4,VBN
jet,1,NN
stream,1,NN
moves,1,VBZ
drop,1,JJ
temperature,1,NN
falling,1,VBG
times,5,NNS
wildlife,1,VBP
animal,1,JJ
life,2,NN
includes,2,VBZ
considerable,1,JJ
number,5,NN
bird,1,NN
species,4,NNS
freshwater,1,RBR
fish,3,JJ
endemic,1,JJ
hare,1,NN
deer,1,NN
field,1,NN
mouse,1,RB
brown,1,JJ
frog,1,JJ
pine,1,NN
spruce,1,NN
demilitarized,2,VBD
zone,2,CD
dmz,1,NN
forest,1,JJS
natural,2,JJ
wetlands,1,NNS
biodiversity,1,NN
spot,1,NN
harbours,1,VBZ
eighty,1,RB
endangered,1,VBN
hosted,2,JJ
siberian,3,JJ
tigers,5,NNS
affected,1,VBD
increased,4,VBN
killed,4,VBN
extinct,1,JJ
colonial,1,NN
confirmed,1,VBD
side,3,NN
approximately,4,RB
034,1,CD
vascular,1,JJ
plants,1,NNS
history,4,NN
gojoseon,7,NN
academy,1,NN
claimed,2,VBD
hominid,1,NN
fossils,2,NNS
originating,1,VBG
000,22,CD
lava,1,JJ
stone,1,NN
site,1,NN
fluorescent,1,JJ
magnetic,1,JJ
analyses,1,NNS
indicate,1,VBP
may,3,MD
300,2,CD
24,2,CD
best,4,JJS
preserved,1,VBN
pottery,1,NN
goes,1,VBZ
paleolithic,1,JJ
neolithic,1,JJ
6000,1,CD
according,8,VBG
legend,1,NN
dangun,1,NN
descendant,1,NN
heaven,1,NN
2333,1,CD
installed,1,JJ
commanderies,3,NNS
retreated,2,VBD
within,2,IN
lelang,1,JJ
commandery,1,NN
remained,3,VBD
cultural,8,JJ
economic,3,JJ
exchange,1,NN
dynasties,3,NNS
centuries,6,VBZ
313,1,CD
proto,2,NN
fall,3,NN
fully,1,RB
saw,2,VBD
numerous,2,JJ
territories,11,NNS
encompassed,1,VBD
entered,1,JJ
refers,1,NNS
mahan,3,VBP
jinhan,2,NN
byeonhan,2,RB
largest,2,JJS
consisted,4,VBD
54,2,CD
twelve,1,NN
bringing,2,VBG
total,1,JJ
78,2,CD
gaya,3,NN
controlled,2,VBD
maintaining,1,VBG
liaodong,1,RB
uniting,1,JJ
buyeo,1,NN
okjeo,1,NN
dongye,1,VBZ
25,4,CD
militaristic,1,JJ
26,3,CD
27,1,CD
self,6,NN
published,5,VBN
source,5,NN
powerful,4,JJ
one,19,CD
powers,1,NNS
28,1,CD
29,3,CD
31,2,CD
reaching,1,VBG
zenith,1,NN
expanded,2,VBD
encompass,1,NN
inner,1,NN
mongolia,1,VBD
32,1,CD
33,1,CD
seoul,4,NN
34,2,CD
experienced,4,VBD
golden,4,JJ
age,10,NN
gwanggaeto,2,NN
son,5,NN
jangsu,2,VBD
35,1,CD
36,2,CD
37,1,CD
subdued,1,VBN
achieving,1,VBG
brief,2,JJ
unification,2,NN
becoming,2,VBG
power,7,NN
39,1,CD
40,1,CD
contesting,1,VBG
control,7,NN
conflicts,2,VBZ
various,3,JJ
41,1,CD
notably,4,RB
sui,1,JJ
huge,1,JJ
force,3,NN
said,3,VBD
million,12,CD
men,2,NNS
42,1,CD
43,1,CD
44,1,CD
45,2,CD
46,2,CD
642,1,CD
yeon,2,NN
gaesomun,2,NN
gained,5,VBD
complete,1,JJ
response,1,NN
emperor,6,NN
tang,13,NN
taizong,2,IN
campaign,2,NN
47,1,CD
48,1,CD
death,1,NN
gaozong,1,NN
allied,2,VBD
invaded,9,JJ
unable,1,JJ
overcome,1,JJ
stalwart,1,NN
defenses,1,VBZ
662,1,CD
49,1,CD
50,3,CD
died,6,VBD
cause,1,NN
666,1,CD
thrown,1,JJ
chaos,2,NN
succession,1,NN
struggle,2,NN
among,9,IN
sons,1,NNS
brother,2,RB
eldest,1,VBP
defecting,2,VBG
51,3,CD
52,1,CD
alliance,3,NN
finally,1,RB
668,1,CD
collapse,3,NN
fought,3,NN
succeeded,1,VBD
gaining,2,VBG
dae,2,NN
joyeong,1,NN
founded,6,VBD
mohe,3,RBR
successfully,2,RB
expelled,1,VBN
presence,1,NN
much,8,JJ
day,20,NN
founder,2,NN
53,2,CD
55,1,CD
absorbed,1,NNS
subjugated,1,VBD
including,7,VBG
provinces,1,NNS
gyeonggi,1,RB
chungcheong,1,JJ
jeolla,1,NN
hwanghae,1,NN
gangwon,1,NN
centralised,1,VBD
expansion,1,NN
territory,2,NN
acquired,1,VBD
culture,10,NN
technology,7,NN
maritime,3,NN
contacts,1,NNS
56,1,CD
nautical,1,JJ
skill,1,NN
made,8,VBD
phoenicia,2,JJ
instrumental,2,JJ
dissemination,1,NN
buddhism,9,NN
throughout,6,IN
57,2,CD
58,1,CD
historic,1,JJ
evidence,2,NN
suggests,1,VBZ
art,7,RB
language,10,NN
59,1,CD
60,1,CD
61,1,CD
62,1,CD
63,1,CD
64,1,CD
65,1,CD
66,1,CD
67,1,CD
68,1,CD
69,1,CD
played,1,JJ
role,2,NN
transmitting,1,VBG
advanced,2,VBD
archipelago,2,RB
4th,1,CD
rule,2,NN
geunchogo,1,NN
extended,3,VBD
across,2,IN
liaoxi,1,NN
shandong,2,NN
taking,1,VBG
advantage,4,NN
qin,1,NN
kyushu,1,VBD
70,1,CD
critically,1,RB
declined,1,VBD
citation,3,NN
needed,5,VBN
oldest,2,RB
believed,2,VBN
develop,1,VB
2nd,2,CD
existed,2,VBN
southeast,1,NN
occupying,1,VBG
influencing,1,VBG
neighboring,1,VBG
562,2,CD
confederacy,2,NN
warred,1,VBD
smallest,1,JJS
weakest,1,JJS
cunning,1,VBG
diplomatic,2,JJ
make,4,NN
opportunistic,1,JJ
pacts,1,NNS
alliances,1,VBZ
71,1,CD
72,1,CD
660,1,CD
muyeol,2,NN
ordered,1,VBD
armies,1,NNS
attack,1,RP
kim,7,JJ
yu,2,NN
shin,2,NN
aided,1,VBD
defeating,2,VBG
gyebaek,1,JJ
battle,1,NN
hwangsanbeol,1,VBD
661,1,CD
attacked,1,NNS
repelled,1,VBD
munmu,1,NN
nephew,1,NN
launched,1,VBD
another,2,DT
667,1,CD
6th,1,CD
adjacent,1,JJ
640s,1,CD
conquer,3,NN
conquering,2,VBG
repulsed,2,VBD
676,1,CD
even,1,RB
though,4,IN
73,1,CD
74,1,CD
chief,2,NN
sumo,1,VBD
75,2,CD
76,2,CD
77,1,CD
jo,1,NN
yeong,3,NN
group,3,NN
refugees,1,VBZ
jilin,1,NN
successor,4,NN
at,1,IN
height,1,JJ
prosperous,2,JJ
carried,1,VBD
prowess,1,JJ
acted,1,VBN
like,3,IN
medieval,1,NN
79,1,CD
8th,2,CD
jang,1,NN
bogo,1,NN
overseas,3,JJ
communities,2,NNS
mouth,1,VBP
yangtze,1,RB
80,4,CD
81,1,CD
82,1,CD
83,1,CD
wealthy,1,JJ
84,1,CD
metropolitan,1,JJ
gyeongju,1,NN
85,1,CD
fourth,1,JJ
87,1,CD
88,1,CD
89,1,CD
90,1,CD
91,1,CD
92,1,CD
93,1,CD
evidenced,1,VBD
hwangnyongsa,1,NN
seokguram,1,NN
emille,1,NN
bell,1,NN
flourished,3,VBD
buddhists,5,NNS
fame,1,VBP
94,1,CD
contributed,1,VBD
95,2,CD
woncheuk,1,NN
wonhyo,1,NN
uisang,1,JJ
musang,1,VBD
96,1,CD
97,1,CD
98,1,CD
99,2,CD
gyo,1,NN
gak,1,NN
jiuhua,1,NN
sacred,1,VBD
101,1,CD
102,1,CD
103,1,CD
104,1,CD
apart,1,RB
giving,1,VBG
way,1,NN
tumultuous,2,JJ
892,1,CD
935,1,CD
destroyed,4,NNS
khitans,5,VBZ
926,1,CD
ruling,2,NN
class,7,NN
nations,4,NNS
105,1,CD
918,1,CD
replaced,1,VBD
managed,1,VBN
recover,2,RB
momentarily,2,RB
jiandao,1,NN
jurchens,2,NNS
returned,2,VBD
harsh,1,JJ
difficulties,1,NNS
defending,2,VBG
regarded,2,JJ
hence,1,NN
efforts,1,NNS
106,1,CD
107,1,CD
109,1,CD
wang,1,NN
geon,1,NN
descent,2,NN
traced,1,VBD
ancestry,1,NN
noble,2,JJ
clan,1,NN
110,1,CD
he,1,PRP
kaesong,2,VBD
hometown,1,JJ
laws,2,NNS
codified,1,VBN
service,1,NN
system,8,NN
introduced,2,VBN
spread,4,NN
development,4,NN
celadon,1,NN
industries,2,NNS
12th,1,CD
publication,1,NN
tripitaka,2,NN
koreana,2,VB
onto,1,IN
wooden,2,JJ
blocks,2,NNS
invention,3,NN
attest,1,JJS
achievements,1,NNS
defend,1,VBP
frequently,1,RB
attacks,3,NNS
nomadic,1,JJ
empires,1,NNS
especially,2,RB
mongols,4,VBP
hostile,1,JJ
relationship,1,NN
khitan,4,VBD
993,1,CD
liao,1,NN
907,1,CD
demanding,1,VBG
amity,1,NN
sent,2,VBD
diplomat,1,NN
seo,1,NN
hui,1,NN
negotiate,1,NN
persuaded,1,VBD
let,1,NN
expand,1,VB
banks,1,NNS
citing,1,VBG
past,1,IN
belonged,1,VBN
predecessor,1,NN
111,1,CD
twice,2,RB
1009,1,CD
1018,1,CD
112,1,CD
113,1,CD
lasted,1,VBN
completed,1,VBN
developments,1,NNS
printing,8,VBG
publishing,1,VBG
promoting,1,VBG
learning,3,VBG
dispersing,1,VBG
knowledge,1,NN
philosophy,2,NN
literature,11,NN
religion,4,NN
science,7,NN
1100,1,CD
universities,3,NNS
produced,1,VBD
famous,3,JJ
scholars,4,NNS
scientists,1,NNS
114,1,CD
115,1,CD
seven,1,CD
major,3,JJ
campaigns,1,NNS
1230s,1,CD
1270s,1,CD
never,1,RB
116,3,CD
exhausted,1,VBD
yuan,5,JJ
swear,1,JJ
allegiance,1,NN
kublai,1,NN
accepted,1,VBD
married,2,JJ
daughters,1,NNS
dynastic,1,JJ
continued,1,VBD
survive,1,JJ
overlordship,1,NN
semi,1,VBP
autonomous,2,JJ
compulsory,1,NN
ally,1,RB
intertwined,1,VBN
subsequent,2,JJ
kings,2,NNS
princesses,1,VBZ
empress,2,JJ
princess,1,NN
1350s,1,CD
free,1,JJ
reform,1,NN
began,2,VBD
crumble,1,JJ
problems,1,NNS
dealt,1,VBD
included,3,VBD
removal,1,JJ
aristocrats,1,NNS
officials,3,NNS
question,1,VBP
holding,1,VBG
quelling,1,VBG
growing,1,VBG
animosity,1,NN
confucian,2,NN
liaoyang,1,NN
1356,1,CD
invasions,2,NNS
red,4,VBD
turbans,1,NNS
1359,1,CD
1360,1,CD
final,1,JJ
attempt,1,NN
dominate,1,NN
choe,5,NN
tumen,1,NNS
1364,1,CD
1380s,1,CD
turned,1,VBD
attention,1,NN
wokou,1,NN
threat,2,NN
naval,2,JJ
artillery,1,NN
museon,1,NN
annihilate,1,NN
hundreds,3,NNS
pirate,1,VBP
ships,2,NNS
overthrew,1,VBD
staged,1,VBD
new,5,JJ
moved,1,VBN
hanseong,1,RB
formerly,1,RB
hanyang,1,NN
built,2,VBN
gyeongbokgung,1,JJ
palace,1,NN
117,1,CD
1394,1,CD
adopted,3,VBD
official,4,JJ
ideology,2,JJ
loss,2,NN
wealth,2,NN
prevailing,1,VBG
neo,1,JJ
epitomized,1,VBN
seonbi,1,NN
passed,1,VBN
positions,1,NNS
lead,1,VBP
lives,2,NNS
study,1,VBP
integrity,1,JJ
nominal,1,JJ
tributary,2,NN
exercised,1,VBD
full,1,JJ
sovereignty,2,NN
118,1,CD
119,1,CD
maintained,1,VBD
120,1,CD
121,1,CD
ryukyu,2,NN
burma,1,NN
brunei,1,NN
laos,1,NN
thailand,1,VBP
122,1,CD
123,1,CD
124,1,CD
philippines,1,NNS
others,3,NNS
125,1,CD
126,1,CD
tribute,1,NN
17th,1,CD
128,1,CD
129,1,CD
small,3,JJ
enclave,1,VBP
engaged,1,VBN
siam,1,NN
java,1,NN
130,1,CD
16th,1,CD
enjoyed,2,JJ
benevolent,1,NN
rulers,1,NNS
promoted,1,VBD
education,11,NN
131,2,CD
most,1,JJS
1418,1,CD
personally,1,RB
promulgated,1,VBN
hangul,17,NN
132,1,CD
scientific,1,JJ
advancements,1,NNS
133,1,CD
meteorological,1,JJ
observation,1,NN
astronomy,1,IN
calendar,1,NN
ceramics,1,NNS
cartography,1,VBP
medicine,1,JJ
agricultural,1,JJ
unrivaled,1,VBD
elsewhere,2,RB
134,1,CD
implemented,1,JJ
yangban,1,NN
jungin,1,NN
yangin,1,NN
common,6,JJ
cheonin,1,NN
lowest,1,JJS
occupations,1,NNS
butchers,1,NNS
tanners,1,NNS
shamans,1,NNS
entertainers,1,NNS
nobi,1,VBP
equivalent,1,JJ
slaves,1,NNS
bondservants,1,NNS
serfs,1,VBP
135,1,CD
136,1,CD
1592,1,CD
1597,1,CD
unprepared,1,JJ
untrained,1,VBD
137,1,CD
toyotomi,1,NN
hideyoshi,1,NN
intended,1,VBD
india,1,RB
138,1,CD
strong,3,JJ
righteous,1,JJ
army,1,NN
superiority,1,NN
admiral,1,JJ
sun,1,NN
sin,1,NN
turtle,2,NN
assistance,1,NN
wanli,1,NN
ming,2,VBG
destruction,1,NN
tremendous,1,JJ
sites,2,NNS
temples,1,NNS
palaces,1,NNS
pillaging,1,VBG
brought,1,NN
estimated,3,VBN
noses,1,NNS
cut,1,VBD
victims,1,NNS
139,1,CD
manchus,1,NNS
took,1,VBD
1627,1,CD
1637,1,CD
went,1,VBD
destabilized,1,VBN
normalizing,1,JJ
relations,1,NNS
qing,2,VBG
nearly,2,RB
yeongjo,1,RB
jeongjo,1,JJ
renaissance,1,NN
18th,1,CD
140,1,CD
141,1,CD
royal,1,NN
law,1,NN
families,2,NNS
mass,1,VBP
corruption,1,NN
weakening,1,VBG
poverty,1,NN
peasant,1,JJ
rebellions,1,NNS
spreading,1,VBG
strict,2,JJ
earning,2,VBG
ultimately,1,RB
failed,1,VBD
protect,1,JJ
imperialism,1,NN
forced,7,VBD
open,1,JJ
borders,1,NNS
1871,1,CD
exert,1,IN
forcing,1,VBG
traditional,13,JJ
sphere,1,RB
result,3,NN
1894,1,CD
give,1,NN
article,1,NN
shimonoseki,1,NN
concluded,1,VBD
1895,1,CD
that,1,IN
myeongseong,1,RB
assassinated,2,VBD
agents,1,NNS
142,1,CD
proclaimed,2,VBD
gojong,1,JJ
success,1,NN
modernizing,1,VBG
economy,4,NN
real,1,JJ
property,1,NN
france,1,NN
invested,1,VBD
sought,1,VBN
politically,1,RB
1904,1,CD
russo,1,NN
pushed,1,VBD
russians,1,NNS
fight,1,JJ
october,3,RB
1909,1,CD
an,1,DT
jung,1,NN
geun,1,NN
resident,1,NN
hirobumi,1,NN
trying,1,VBG
annexation,3,NN
already,1,RB
militarily,1,RB
occupied,1,VBN
party,3,NN
signed,2,VBD
lee,1,JJ
wan,1,NN
yong,1,RB
given,1,VBN
attorney,1,NN
actually,3,RB
ratified,1,VBD
tae,1,JJ
143,1,CD
long,2,JJ
dispute,2,JJ
legal,3,JJ
illegal,1,JJ
signing,1,NN
duress,1,NN
bribes,1,IN
brutal,1,JJ
144,1,CD
145,1,CD
146,1,CD
manifested,1,VBN
nonviolent,1,JJ
march,5,NN
movement,4,NN
1919,4,CD
demonstrators,1,NNS
police,1,VBP
147,1,CD
liberation,3,NN
neighbouring,1,NN
over,1,IN
five,1,CD
koreans,8,NNS
conscripted,1,VBN
labour,1,JJ
1939,1,CD
148,1,CD
tens,1,NNS
thousands,2,NNS
149,1,CD
400,3,CD
labourers,1,NNS
150,1,CD
girls,1,NNS
women,2,NNS
151,1,CD
sexual,1,JJ
slavery,1,NN
152,1,CD
1993,2,CD
cabinet,1,NN
secretary,1,NN
yohei,1,NN
kono,1,FW
acknowledged,1,VBD
terrible,1,JJ
injustices,1,NNS
faced,1,VBD
euphemistically,1,RB
comfort,1,JJ
153,1,CD
154,1,CD
suppressed,2,VBN
eradicate,1,JJ
national,12,JJ
identity,1,NN
take,1,VB
surnames,1,NNS
shi,1,VB
kaimei,1,$
155,1,CD
suffered,1,JJ
losses,1,NNS
artifacts,4,VBZ
156,1,CD
taken,2,VBN
157,3,CD
valuable,1,JJ
found,3,VBN
museums,1,NNS
private,1,JJ
collections,1,NNS
158,1,CD
investigation,1,NN
identified,1,VBD
311,1,CD
assets,1,NNS
369,1,CD
803,1,CD
experts,1,NNS
estimate,2,VBP
159,2,CD
considered,4,VBN
returning,1,VBG
properties,1,NNS
date,3,NN
occurred,1,VBD
still,2,RB
ownership,1,NN
islets,1,NNS
160,1,CD
emigration,1,NN
161,1,CD
850,2,CD
settlers,1,NNS
162,1,CD
repatriated,1,VBD
plans,1,NNS
trusteeship,1,JJ
administration,1,NN
administering,2,VBG
politics,1,NNS
1948,4,CD
establishment,3,NN
left,1,VBD
supported,1,VBN
consequently,1,RB
style,4,NN
socialist,1,JJ
regime,1,NN
centred,1,VBD
il,3,JJ
sung,2,NN
juche,2,NN
centrally,1,RB
planned,1,VBN
industrial,1,JJ
multi,1,NNS
capitalist,1,VBP
market,1,NN
alongside,3,RB
membership,1,NN
organisation,1,NN
co,2,NN
operation,2,NN
twenty,1,NN
diverged,1,VBD
culturally,1,RB
economically,1,RB
partition,1,JJ
share,1,NN
pre,1,VBZ
1960s,1,CD
grown,1,JJ
enormously,1,RB
structure,1,NN
radically,1,RB
transformed,1,JJ
1957,1,CD
per,1,IN
capita,1,NN
gdp,1,NN
ghana,2,VBD
163,1,CD
2008,2,CD
rummel,1,NN
labor,1,NN
executions,1,NNS
concentration,2,NN
camps,2,NNS
responsible,1,JJ
deaths,3,NNS
1987,1,CD
165,1,CD
alone,1,RB
166,1,CD
estimates,1,NNS
based,1,VBN
recent,2,JJ
census,1,NN
suggest,1,VBP
240,1,CD
420,1,CD
1990s,1,CD
famine,1,NN
600,1,CD
unnatural,1,JJ
167,1,CD
guerrilla,2,NN
activities,1,NNS
measures,2,VBZ
peasants,1,NNS
forcefully,1,RB
areas,1,NNS
wounded,1,VBD
432,1,CD
displaced,1,VBD
168,1,CD
broke,2,NN
backed,1,VBD
neither,1,CC
de,1,FW
facto,1,FW
using,3,VBG
tanks,1,NNS
weaponry,1,RBR
effectively,1,RB
cities,1,NNS
169,1,CD
armistice,1,JJ
agreement,1,NN
demarcation,1,NN
2018,1,CD
panmunjom,1,NN
announcing,1,VBG
work,1,NN
conflict,1,NN
list,1,NN
heads,1,NNS
demographics,1,NNS
combined,1,JJ
population,3,NN
chiefly,1,NN
populated,1,VBD
homogeneous,1,JJ
ethnic,3,JJ
speak,1,NN
170,1,CD
foreigners,2,NNS
living,1,VBG
steadily,1,RB
20th,2,CD
reside,1,NN
171,1,CD
2006,1,CD
700,1,CD
community,1,NN
172,1,CD
immigration,1,NN
624,1,CD
994,1,CD
persons,1,NNS
nationality,1,NN
immigrated,1,VBD
443,1,CD
566,1,CD
173,1,CD
174,1,CD
mandarin,1,NN
yanbian,1,JJ
prefecture,1,NN
area,1,NN
worldwide,1,IN
speakers,3,NNS
other,3,JJ
groups,1,NNS
diaspora,1,VBP
classification,1,NN
debated,1,VBN
linguists,1,NNS
altaic,1,VBP
family,1,NN
consider,1,VB
isolate,1,JJ
agglutinative,1,JJ
morphology,1,NN
sov,1,NNS
syntax,1,VBP
vietnamese,1,JJ
borrowed,1,VBN
models,1,NNS
exclusively,1,RB
script,2,VBP
chosungul,1,NN
invented,4,VBN
occasionally,1,RB
seen,2,VBN
nowadays,1,NNS
while,2,IN
appear,1,JJ
logographic,1,JJ
phonemic,1,NNS
organised,1,VBD
syllabic,1,JJ
each,1,DT
block,1,NN
least,4,JJS
letters,3,NNS
jamo,2,VBP
consonants,1,NNS
vowels,1,NNS
historically,1,RB
additional,1,JJ
see,3,NN
obsolete,1,NN
for,1,IN
phonological,1,JJ
description,1,NN
phonology,1,NN
arts,1,NNS
texts,1,NN
embroidered,1,VBD
silk,1,JJ
decorum,1,NN
177,1,CD
individuals,1,NNS
born,2,VBN
reckon,1,JJ
pregnancy,1,NN
infants,1,NNS
increments,1,NNS
rather,2,RB
anniversary,1,JJ
birthdays,1,NNS
immediately,1,RB
reckoning,4,VBG
accordingly,1,RB
person,1,NN
stated,1,VBD
fellow,1,JJ
applied,1,VBN
regard,1,NN
concept,1,NN
example,3,NN
purchasing,1,VBG
alcohol,1,NN
cigarettes,1,NNS
measured,1,VBD
classical,4,JJ
arrived,1,VBD
writing,2,VBG
poetry,1,NN
reflecting,1,VBG
thoughts,1,NNS
experiences,1,NNS
roots,1,VBP
folk,3,NN
beliefs,2,NN
tales,1,NNS
strongly,1,RB
taoism,3,VBP
helped,1,VBD
literacy,4,NN
aristocracy,1,NN
reached,1,VBD
growth,1,NN
sinsoseol,1,NN
instance,1,NN
novels,1,NNS
centered,1,VBD
wounds,1,NNS
post,1,JJ
deals,1,NNS
ordinary,1,JJ
struggles,1,NNS
pain,1,VBP
value,1,NN
theme,1,NN
music,8,NN
combinations,1,NNS
vocal,1,VBP
religious,2,JJ
ritual,1,JJ
styles,1,NNS
practiced,5,VBD
prehistoric,1,JJ
178,1,CD
falls,1,NNS
broad,1,JJ
categories,1,NNS
hyangak,1,VBP
literally,2,RB
sujechon,1,JJ
piece,1,NN
179,1,CD
yangak,1,NN
represents,1,VBZ
tradition,1,NN
contributions,1,NNS
shamanism,2,VBP
christianity,1,NN
competed,2,VBN
practice,1,NN
regardless,1,JJ
separation,1,NN
mahayana,1,NN
underlying,1,VBG
vital,1,JJ
aspect,1,JJ
traditions,1,NNS
coexisted,1,VBD
peacefully,1,RB
today,2,NN
westernisation,1,NN
christian,1,JJ
missionary,1,JJ
conversions,1,NNS
180,1,CD
181,1,CD
182,1,CD
183,1,CD
184,1,CD
2005,1,CD
statistics,1,NNS
compiled,1,VBD
citizens,3,NNS
profess,1,JJ
follow,1,VBP
particular,1,JJ
christians,1,NNS
account,1,VBP
protestants,1,NNS
catholics,1,NNS
185,1,CD
islam,1,JJ
natives,1,NNS
0,1,CD
09,1,CD
workers,1,NNS
muslim,1,JJ
186,1,CD
cuisine,4,NN
traditionally,2,RB
believe,1,VB
taste,1,NN
quality,1,NN
food,3,NN
depend,1,NN
spices,1,NNS
sauces,1,VBZ
essential,1,JJ
ingredients,1,NNS
making,1,VBG
delicious,1,JJ
meal,1,NN
therefore,2,RB
soybean,1,JJ
paste,5,NN
soy,1,NN
sauce,3,NN
gochujang,3,NN
pepper,4,IN
kimchi,3,NN
staples,1,NNS
household,1,VBP
autumns,1,JJ
winters,1,NNS
fermented,2,VBD
dishes,2,NNS
soups,1,NNS
stews,1,NNS
probably,1,RB
dish,1,JJ
uses,1,NNS
distinctive,1,JJ
fermentation,1,NN
process,1,NN
preserving,1,VBG
vegetables,2,NNS
cabbage,1,NN
relieve,1,VBP
pores,1,VBZ
skin,2,JJ
thereby,1,RB
reducing,1,VBG
wrinkles,1,NNS
providing,1,VBG
nutrients,2,NNS
naturally,1,RB
healthy,1,JJ
necessary,1,JJ
vitamins,1,NNS
chilli,1,JJ
reputation,1,NN
spiciness,1,NN
bulgogi,1,NN
roasted,1,VBD
marinated,2,JJ
meat,4,NN
beef,1,NN
galbi,1,NN
grilled,1,VBD
ribs,2,NN
samgyeopsal,1,NN
pork,2,NN
belly,1,RB
popular,7,JJ
entrees,1,NNS
commodity,1,NN
eat,1,VBP
meals,1,NNS
accompanied,1,VBN
soup,3,JJ
stew,1,NN
galbitang,1,NN
stewed,1,VBD
doenjang,1,JJ
jjigae,1,JJ
bean,1,NN
table,1,NN
filled,1,VBN
shared,1,VBN
collection,1,NN
sidedishes,1,NNS
banchan,1,VBP
bibimbap,1,VB
mixed,2,JJ
naengmyeon,1,NN
noodles,3,NNS
187,1,CD
188,1,CD
instant,1,JJ
ramyeon,1,NN
snack,2,NN
enjoy,1,NN
pojangmachas,1,JJ
street,1,NN
vendors,1,NNS
serve,1,VBP
tteokbokki,1,JJ
cake,2,NN
spicy,1,NN
gimbap,1,NN
steamed,1,VBD
white,1,JJ
wrapped,2,VBD
dried,1,VBN
laver,1,RB
fried,1,VBN
squid,1,NN
glazed,1,VBN
sweet,1,JJ
potato,1,NN
soondae,1,NN
sausage,1,NN
cellophane,1,NN
blood,1,NN
widely,1,RB
eaten,3,VBN
additionally,1,RB
snacks,1,NNS
choco,1,VBP
pie,1,JJ
shrimp,1,NN
crackers,1,NNS
bbeongtwigi,1,VBP
puffed,1,NN
grains,1,NNS
nurungji,3,VBP
slightly,1,RB
burnt,1,JJ
boiled,1,VBD
dessert,1,NN
chopsticks,2,NNS
discovered,2,VBD
archaeological,1,JJ
belonging,1,JJ
school,8,NN
six,2,CD
elementary,2,JJ
students,2,NNS
required,1,VBN
pay,1,NN
except,1,IN
fee,2,JJ
support,1,NN
differs,1,NNS
programme,1,VBP
international,4,JJ
student,1,NN
assessment,1,NN
coordinated,1,VBD
oecd,2,JJ
ranks,2,NNS
third,1,VBP
significantly,1,RB
higher,1,JJR
average,1,JJ
189,1,CD
math,1,NN
problem,2,NN
solving,1,VBG
rank,1,NN
comparative,1,JJ
assessments,1,NNS
criticised,1,VBD
emphasising,1,VBG
upon,1,IN
passive,1,JJ
memorization,1,NN
structured,1,VBD
compared,1,VBN
counterparts,1,NNS
societies,1,NNS
primarily,2,RB
universal,1,RB
funded,1,JJ
schooling,1,VBG
rate,1,NN
percent,1,NN
190,1,CD
191,1,CD
children,1,NNS
kindergarten,1,VBN
primary,1,JJ
prestigious,1,JJ
university,5,NN
dprk,1,NN
chaek,1,NN
focuses,1,VBZ
computer,1,NN
pyongyang,1,NN
studies,1,NNS
trains,2,VBZ
working,1,VBG
level,1,NN
diplomats,1,NNS
hyong,1,VBP
jik,1,JJ
teachers,1,NNS
cheomseongdae,1,VBP
meter,1,JJR
observatory,1,JJ
634,1,CD
earliest,1,JJS
surviving,1,VBG
woodblock,1,NN
mugujeonggwang,1,NN
dharani,1,NN
sutra,2,VBD
192,1,CD
printed,1,VBD
750,1,CD
correct,1,NN
would,1,MD
older,1,VB
diamond,1,NN
yun,1,NN
ui,1,JJ
193,1,CD
194,1,CD
195,1,CD
easier,1,RBR
efficient,1,JJ
observed,1,JJ
visitors,1,NNS
shameful,1,JJ
able,1,JJ
read,1,NN
196,1,CD
conjecture,1,NN
inventions,1,NNS
gutenberg,1,VBP
press,1,NN
197,1,CD
europe,1,NN
inadvertently,1,RB
different,1,JJ
kinds,1,NNS
198,1,CD
ship,1,JJ
deck,1,NN
iron,1,NN
thorns,1,VBZ
199,1,CD
201,1,CD
weapons,1,NNS
bigyeokjincheolloe,1,VBP
cannon,1,NN
hwacha,1,NN
sport,7,NN
compete,1,JJ
events,2,NNS
examples,1,VBZ
entity,1,NN
association,1,NN
football,1,NN
remains,1,VBZ
sports,1,NNS
martial,5,JJ
taekwondo,2,JJ
baseball,1,NN
golf,1,NN
taekwon,5,VBD
do,5,VB
combines,1,NNS
combat,1,VB
techniques,1,NNS
defence,1,VB
exercise,1,NN
olympic,1,NN
starting,1,VBG
demonstration,1,NN
event,2,NN
1988,1,CD
games,1,NNS
medal,1,JJ
2000,1,CD
federations,1,NNS
federation,2,VBP
hapkido,3,NN
grappling,1,VBG
focus,1,NN
employs,1,VBZ
joint,1,JJ
locks,1,NNS
throws,1,VBZ
kicks,1,NNS
punches,1,NNS
striking,1,VBG
points,1,NNS
emphasizes,1,VBZ
circular,1,JJ
motion,1,NN
non,1,NN
resisting,1,VBG
movements,1,NNS
opponent,3,JJ
practitioners,1,NNS
seek,1,VBP
gain,1,NN
footwork,1,NN
body,2,NN
positioning,1,VBG
employ,1,JJ
leverage,1,NN
avoiding,1,VBG
pure,1,JJ
strength,2,NN
ssireum,6,NN
wrestling,1,NN
688,1,CD
match,1,NN
opponents,1,NNS
grip,1,VBP
sash,1,NN
belts,1,NNS
waist,1,VBP
thigh,1,JJ
attempting,1,VBG
throw,1,NN
competitor,1,NN
sandy,1,NN
ground,2,NN
ring,1,VBG
touch,1,JJ
knee,1,NN
lose,1,VBP
hold,1,NN
loses,1,VBZ
round,1,JJ
competitions,3,NNS
held,2,VBD
dano,1,JJ
festival,1,JJ
fifth,1,JJ
lunar,2,JJ
month,2,NN
chuseok,1,NN
festivals,2,NNS
taekkyon,4,VBP
technique,1,NN
forms,1,NNS
practical,1,JJ
villages,1,NNS
nonetheless,1,RB
disappeared,1,VBD
lost,1,VBN
spectacular,1,JJ
revival,1,NN
1980s,1,CD
recognized,1,VBN
treasure,1,NN
unesco,2,NN
intangible,1,JJ
heritage,1,NN
comparison,1,NN
public,1,JJ
holidays,1,VBZ
samiljeol,1,NN
commemorates,1,NNS
sam,1,VBP
jeol,1,NN
uprising,1,NN
imposed,1,VBN
on,2,IN
presented,1,JJ
conclusion,1,NN
liberated,1,VBD
restored,1,JJ
newly,1,RB
set,1,VBN
aside,1,RP
holiday,4,JJ
commemorate,2,NN
sacrifices,1,NNS
borne,1,VBP
memorial,1,JJ
hyunchoongil,1,NN
commemorating,1,VBG
achieved,1,VBD
soldiers,2,NNS
injured,1,JJ
cease,1,NN
fire,1,NN
hyungchoogil,2,NN
reinterpreted,1,VBD
remembrance,1,NN
gwangbokjeol,1,NN
celebrating,2,VBG
gwangbok,1,JJ
light,1,JJ
representing,1,VBG
declared,1,JJ
1949,1,CD
every,1,DT
president,1,NN
visits,1,VBZ
hall,1,NN
invites,1,VBZ
envoys,1,VBZ
social,1,JJ
standings,1,NNS
cheongwadae,1,VBP
blue,1,JJ
house,1,NN
presidential,1,JJ
residence,1,NN
hangeul,1,NN
celebrates,1,VBZ
creation,2,NN
hunminjeongeum,1,NN
inscribed,1,VBD
memory,1,NN
register,1,NN
1997,1,CD
202,1,CD
1443,1,CD
1446,1,CD
before,1,IN
wrote,1,VBD
systems,1,NNS
predate,1,JJ
idu,1,JJ
hyangchal,1,NN
gugyeol,1,NN
gakpil,1,VBD
203,1,CD
204,1,CD
205,1,CD
206,1,CD
fundamental,1,JJ
differences,1,NNS
learned,1,VBD
difficulty,1,NN
write,1,NN
classes,1,NNS
privilege,1,VBP
assuage,1,JJ
promote,1,NN
207,1,CD
1926,1,CD
members,1,NNS
society,1,VBP
goal,1,NN
preserve,1,NN
rapid,1,JJ
japanization,1,NN
208,1,CD
celebrate,1,NN
notes,1,NNS
sources,1,NNS
further,1,RB
reading,1,VBG
external,1,JJ
