k,o,r,e,a
r,e,g,i,o,n
e,a,s,t
a,s,i,a
3
c,o,n,s,i,s,t,i,n,g
k,o,r,e,a,n
p,e,n,i,n,s,u,l,a
j,e,j,u
i,s,l,a,n,d
s,e,v,e,r,a,l
m,i,n,o,r
i,s,l,a,n,d,s
n,e,a,r
p,e,n,i,n,s,u,l,a
k,o,r,e,a
d,i,v,i,d,e,d
s,i,n,c,e
1,9,4,8
t,w,o
d,i,s,t,i,n,c,t
s,o,v,e,r,e,i,g,n
s,t,a,t,e,s
n,o,r,t,h
k,o,r,e,a
s,o,u,t,h
k,o,r,e,a
k,o,r,e,a
b,o,r,d,e,r,e,d
r,u,s,s,i,a
n,o,r,t,h,e,a,s,t
c,h,i,n,a
n,o,r,t,h,w,e,s,t
n,e,i,g,h,b,o,u,r,s
j,a,p,a,n
e,a,s,t
v,i,a
k,o,r,e,a
s,t,r,a,i,t
s,e,a
j,a,p,a,n
e,a,s,t
s,e,a
t,h,e
f,i,r,s,t
2,0,0
y,e,a,r,s
j,o,s,e,o,n
e,r,a
m,a,r,k,e,d
r,e,l,a,t,i,v,e
p,e,a,c,e
d,u,r,i,n,g
p,e,r,i,o,d
k,o,r,e,a,n
a,l,p,h,a,b,e,t
c,r,e,a,t,e,d
s,e,j,o,n,g
g,r,e,a,t
1,5,t,h
c,e,n,t,u,r,y
i,n,c,r,e,a,s,i,n,g
i,n,f,l,u,e,n,c,e
c,o,n,f,u,c,i,a,n,i,s,m
d,u,r,i,n,g
l,a,t,e,r
p,a,r,t
d,y,n,a,s,t,y
k,o,r,e,a
i,s,o,l,a,t,i,o,n,i,s,t
p,o,l,i,c,y
e,a,r,n,e,d
w,e,s,t,e,r,n
n,i,c,k,n,a,m,e
h,e,r,m,i,t
k,i,n,g,d,o,m
b,y
l,a,t,e
1,9,t,h
c,e,n,t,u,r,y
c,o,u,n,t,r,y
b,e,c,a,m,e
o,b,j,e,c,t
i,m,p,e,r,i,a,l
d,e,s,i,g,n
e,m,p,i,r,e
j,a,p,a,n
a,f,t,e,r
f,i,r,s,t
s,i,n,o
j,a,p,a,n,e,s,e
w,a,r
d,e,s,p,i,t,e
k,o,r,e,a,n
e,m,p,i,r,e
e,f,f,o,r,t
m,o,d,e,r,n,i,z,e
c,o,u,n,t,r,y
a,n,n,e,x,e,d
j,a,p,a,n
1,9,1,0
r,u,l,e,d
e,n,d
w,o,r,l,d
w,a,r
i,i
a,u,g,u,s,t
1,9,4,5
i,n
1,9,4,5
s,o,v,i,e,t
u,n,i,o,n
u,n,i,t,e,d
s,t,a,t,e,s
a,g,r,e,e,d
s,u,r,r,e,n,d,e,r
j,a,p,a,n,e,s,e
f,o,r,c,e,s
k,o,r,e,a
a,f,t,e,r,m,a,t,h
w,o,r,l,d
w,a,r
i,i
l,e,a,v,i,n,g
k,o,r,e,a
p,a,r,t,i,t,i,o,n,e,d
a,l,o,n,g
3,8,t,h
p,a,r,a,l,l,e,l
t,h,e
n,o,r,t,h
s,o,v,i,e,t
o,c,c,u,p,a,t,i,o,n
s,o,u,t,h
u
s
o,c,c,u,p,a,t,i,o,n
t,h,e,s,e
c,i,r,c,u,m,s,t,a,n,c,e,s
s,o,o,n
b,e,c,a,m,e
b,a,s,i,s
d,i,v,i,s,i,o,n
k,o,r,e,a
t,w,o
s,u,p,e,r,p,o,w,e,r,s
e,x,a,c,e,r,b,a,t,e,d
i,n,a,b,i,l,i,t,y
a,g,r,e,e
t,e,r,m,s
k,o,r,e,a,n
i,n,d,e,p,e,n,d,e,n,c,e
t,h,e
c,o,m,m,u,n,i,s,t
i,n,s,p,i,r,e,d
g,o,v,e,r,n,m,e,n,t
n,o,r,t,h
r,e,c,e,i,v,e,d
b,a,c,k,i,n,g
s,o,v,i,e,t
u,n,i,o,n
o,p,p,o,s,i,t,i,o,n
p,r,o
w,e,s,t,e,r,n
g,o,v,e,r,n,m,e,n,t
s,o,u,t,h
l,e,a,d,i,n,g
k,o,r,e,a
d,i,v,i,s,i,o,n
t,w,o
p,o,l,i,t,i,c,a,l
e,n,t,i,t,i,e,s
n,o,r,t,h
k,o,r,e,a
o,f,f,i,c,i,a,l,l,y
d,e,m,o,c,r,a,t,i,c
p,e,o,p,l,e
r,e,p,u,b,l,i,c
k,o,r,e,a
s,o,u,t,h
k,o,r,e,a
o,f,f,i,c,i,a,l,l,y
r,e,p,u,b,l,i,c
k,o,r,e,a
t,e,n,s,i,o,n,s
t,w,o
r,e,s,u,l,t,e,d
o,u,t,b,r,e,a,k
k,o,r,e,a,n
w,a,r
1,9,5,0
w,i,t,h
i,n,v,o,l,v,e,m,e,n,t
f,o,r,e,i,g,n
t,r,o,o,p,s
w,a,r
e,n,d,e,d
s,t,a,l,e,m,a,t,e
1,9,5,3
w,i,t,h,o,u,t
f,o,r,m,a,l,i,z,e,d
p,e,a,c,e
t,r,e,a,t,y
t,h,i,s
s,t,a,t,u,s
c,o,n,t,r,i,b,u,t,e,s
h,i,g,h
t,e,n,s,i,o,n,s
c,o,n,t,i,n,u,e
d,i,v,i,d,e
p,e,n,i,n,s,u,l,a
b,o,t,h
g,o,v,e,r,n,m,e,n,t,s
t,w,o
k,o,r,e,a,s
c,l,a,i,m
s,o,l,e
l,e,g,i,t,i,m,a,t,e
g,o,v,e,r,n,m,e,n,t
r,e,g,i,o,n
c,o,n,t,e,n,t,s
e,t,y,m,o,l,o,g,y
h,i,s,t,o,r,y
p,r,e,h,i,s,t,o,r,y
g,o,j,o,s,e,o,n
t,h,i,s
t,i,m,e
p,e,r,i,o,d
s,a,w
n,u,m,e,r,o,u,s
s,t,a,t,e,s
s,p,r,i,n,g
f,o,r,m,e,r
t,e,r,r,i,t,o,r,i,e,s
g,o,j,o,s,e,o,n
e,n,c,o,m,p,a,s,s,e,d
n,o,r,t,h,e,r,n
k,o,r,e,a
s,o,u,t,h,e,r,n
m,a,n,c,h,u,r,i,a
w,i,t,h
f,a,l,l
g,o,j,o,s,e,o,n
s,o,u,t,h,e,r,n
k,o,r,e,a
e,n,t,e,r,e,d
s,a,m,h,a,n
p,e,r,i,o,d
l,o,c,a,t,e,d
s,o,u,t,h,e,r,n
p,a,r,t
k,o,r,e,a,n
p,e,n,i,n,s,u,l,a
s,a,m,h,a,n
r,e,f,e,r,s
t,h,r,e,e
c,o,n,f,e,d,e,r,a,c,i,e,s
m,a,h,a,n
j,i,n,h,a,n
b,y,e,o,n,h,a,n
m,a,h,a,n
l,a,r,g,e,s,t
c,o,n,s,i,s,t,e,d
5,4
s,t,a,t,e,s
b,y,e,o,n,h,a,n
j,i,n,h,a,n
c,o,n,s,i,s,t,e,d
t,w,e,l,v,e
s,t,a,t,e,s
b,r,i,n,g,i,n,g
t,o,t,a,l
7,8
s,t,a,t,e,s
w,i,t,h,i,n
s,a,m,h,a,n
t,h,e,s,e
t,h,r,e,e
c,o,n,f,e,d,e,r,a,c,i,e,s
e,v,e,n,t,u,a,l,l,y
d,e,v,e,l,o,p,e,d
b,a,e,k,j,e
s,i,l,l,a
g,a,y,a
t,h,r,e,e
k,i,n,g,d,o,m,s
t,h,e
t,h,r,e,e
k,i,n,g,d,o,m,s
k,o,r,e,a
c,o,n,s,i,s,t,e,d
g,o,g,u,r,y,e,o
s,i,l,l,a
b,a,e,k,j,e
s,i,l,l,a
b,a,e,k,j,e
c,o,n,t,r,o,l,l,e,d
s,o,u,t,h,e,r,n
h,a,l,f
k,o,r,e,a,n
p,e,n,i,n,s,u,l,a
m,a,i,n,t,a,i,n,i,n,g
f,o,r,m,e,r
s,a,m,h,a,n
t,e,r,r,i,t,o,r,i,e,s
g,o,g,u,r,y,e,o
c,o,n,t,r,o,l,l,e,d
n,o,r,t,h,e,r,n
h,a,l,f
k,o,r,e,a,n
p,e,n,i,n,s,u,l,a
m,a,n,c,h,u,r,i,a
l,i,a,o,d,o,n,g
p,e,n,i,n,s,u,l,a
u,n,i,t,i,n,g
b,u,y,e,o
o,k,j,e,o
d,o,n,g,y,e
s,t,a,t,e,s
f,o,r,m,e,r
g,o,j,o,s,e,o,n
t,e,r,r,i,t,o,r,i,e,s
2,1
t,h,e
s,o,u,t,h,w,e,s,t,e,r,n
k,o,r,e,a,n
k,i,n,g,d,o,m
b,a,e,k,j,e
f,o,u,n,d,e,d
a,r,o,u,n,d
m,o,d,e,r,n
d,a,y
s,e,o,u,l
g,o,g,u,r,y,e,o
p,r,i,n,c,e
s,o,n
f,o,u,n,d,e,r
g,o,g,u,r,y,e,o
4,9
5,0
5,1
b,a,e,k,j,e
a,b,s,o,r,b,e,d
m,a,h,a,n
s,t,a,t,e,s
s,u,b,j,u,g,a,t,e,d
w,e,s,t,e,r,n
k,o,r,e,a,n
p,e,n,i,n,s,u,l,a
i,n,c,l,u,d,i,n,g
m,o,d,e,r,n
p,r,o,v,i,n,c,e,s
g,y,e,o,n,g,g,i
c,h,u,n,g,c,h,e,o,n,g
j,e,o,l,l,a
w,e,l,l
p,a,r,t,s
h,w,a,n,g,h,a,e
g,a,n,g,w,o,n
c,e,n,t,r,a,l,i,s,e,d
g,o,v,e,r,n,m,e,n,t
e,x,p,a,n,s,i,o,n
t,e,r,r,i,t,o,r,y
b,a,e,k,j,e
a,c,q,u,i,r,e,d
c,h,i,n,e,s,e
c,u,l,t,u,r,e
t,e,c,h,n,o,l,o,g,y
m,a,r,i,t,i,m,e
c,o,n,t,a,c,t,s
s,o,u,t,h,e,r,n
d,y,n,a,s,t,i,e,s
b,a,e,k,j,e
g,r,e,a,t
m,a,r,i,t,i,m,e
p,o,w,e,r
5,2
n,a,u,t,i,c,a,l
s,k,i,l,l
m,a,d,e
p,h,o,e,n,i,c,i,a
e,a,s,t
a,s,i,a
i,n,s,t,r,u,m,e,n,t,a,l
d,i,s,s,e,m,i,n,a,t,i,o,n
b,u,d,d,h,i,s,m
t,h,r,o,u,g,h,o,u,t
e,a,s,t
a,s,i,a
c,o,n,t,i,n,e,n,t,a,l
c,u,l,t,u,r,e
j,a,p,a,n
5,3
5,4
h,i,s,t,o,r,i,c
e,v,i,d,e,n,c,e
s,u,g,g,e,s,t,s
j,a,p,a,n,e,s,e
c,u,l,t,u,r,e
a,r,t
l,a,n,g,u,a,g,e
i,n,f,l,u,e,n,c,e,d
k,i,n,g,d,o,m
b,a,e,k,j,e
k,o,r,e,a
2,7
5,5
5,6
5,7
5,8
5,9
6,0
6,1
6,2
6,3
6,4
6,5
b,a,e,k,j,e
a,l,s,o
p,l,a,y,e,d
i,m,p,o,r,t,a,n,t
r,o,l,e
t,r,a,n,s,m,i,t,t,i,n,g
a,d,v,a,n,c,e,d
c,h,i,n,e,s,e
c,u,l,t,u,r,e
j,a,p,a,n,e,s,e
a,r,c,h,i,p,e,l,a,g,o
b,a,e,k,j,e
g,r,e,a,t
m,i,l,i,t,a,r,y
p,o,w,e,r
k,o,r,e,a,n
p,e,n,i,n,s,u,l,a
n,o,t,a,b,l,y
4,t,h
c,e,n,t,u,r,y
r,u,l,e
g,e,u,n,c,h,o,g,o
i,n,f,l,u,e,n,c,e
e,x,t,e,n,d,e,d
a,c,r,o,s,s
s,e,a
l,i,a,o,x,i
s,h,a,n,d,o,n,g
c,h,i,n,a
t,a,k,i,n,g
a,d,v,a,n,t,a,g,e
w,e,a,k,e,n,e,d
s,t,a,t,e
f,o,r,m,e,r
q,i,n
k,y,u,s,h,u
j,a,p,a,n,e,s,e
a,r,c,h,i,p,e,l,a,g,o
6,6
h,o,w,e,v,e,r
b,a,e,k,j,e
c,r,i,t,i,c,a,l,l,y
d,e,f,e,a,t,e,d
g,w,a,n,g,g,a,e,t,o
g,r,e,a,t
d,e,c,l,i,n,e,d
6,7
s,e,l,f
p,u,b,l,i,s,h,e,d
s,o,u,r,c,e
a,l,t,h,o,u,g,h
l,a,t,e,r
r,e,c,o,r,d,s
c,l,a,i,m
s,i,l,l,a
o,l,d,e,s,t
t,h,r,e,e
k,i,n,g,d,o,m,s
k,o,r,e,a
b,e,l,i,e,v,e,d
l,a,s,t
k,i,n,g,d,o,m
d,e,v,e,l,o,p
b,y
2,n,d
c,e,n,t,u,r,y
s,i,l,l,a
e,x,i,s,t,e,d
l,a,r,g,e
s,t,a,t,e
s,o,u,t,h,e,a,s,t
o,c,c,u,p,y,i,n,g
i,n,f,l,u,e,n,c,i,n,g
n,e,i,g,h,b,o,r,i,n,g
c,i,t,y
s,t,a,t,e,s
i,n
5,6,2
s,i,l,l,a
a,n,n,e,x,e,d
g,a,y,a
c,o,n,f,e,d,e,r,a,c,y
l,o,c,a,t,e,d
b,a,e,k,j,e
s,i,l,l,a
t,h,e
t,h,r,e,e
k,i,n,g,d,o,m,s
k,o,r,e,a
o,f,t,e,n
w,a,r,r,e,d
s,i,l,l,a
o,f,t,e,n
d,o,m,i,n,a,t,e,d
b,a,e,k,j,e
g,o,g,u,r,y,e,o
s,i,l,l,a
s,m,a,l,l,e,s,t
w,e,a,k,e,s,t
t,h,r,e,e
u,s,e,d
c,u,n,n,i,n,g
d,i,p,l,o,m,a,t,i,c
m,e,a,n,s
m,a,k,e
o,p,p,o,r,t,u,n,i,s,t,i,c
p,a,c,t,s
a,l,l,i,a,n,c,e,s
p,o,w,e,r,f,u,l
k,o,r,e,a,n
k,i,n,g,d,o,m,s
e,v,e,n,t,u,a,l,l,y
t,a,n,g
c,h,i,n,a
g,r,e,a,t
a,d,v,a,n,t,a,g,e
6,8
6,9
i,n
6,6,0
k,i,n,g
m,u,y,e,o,l
o,r,d,e,r,e,d
a,r,m,i,e,s
a,t,t,a,c,k
b,a,e,k,j,e
g,e,n,e,r,a,l
k,i,m
y,u
s,h,i,n
a,i,d,e,d
t,a,n,g
f,o,r,c,e,s
c,o,n,q,u,e,r,e,d
b,a,e,k,j,e
d,e,f,e,a,t,i,n,g
g,e,n,e,r,a,l
g,y,e,b,a,e,k
b,a,t,t,l,e
h,w,a,n,g,s,a,n,b,e,o,l
i,n
6,6,1
s,i,l,l,a
t,a,n,g
a,t,t,a,c,k,e,d
g,o,g,u,r,y,e,o
r,e,p,e,l,l,e,d
k,i,n,g
m,u,n,m,u
s,o,n
m,u,y,e,o,l
n,e,p,h,e,w
g,e,n,e,r,a,l
k,i,m
y,u
s,h,i,n
l,a,u,n,c,h,e,d
a,n,o,t,h,e,r
c,a,m,p,a,i,g,n
6,6,7
g,o,g,u,r,y,e,o
f,e,l,l
f,o,l,l,o,w,i,n,g
y,e,a,r
b,e,g,i,n,n,i,n,g
6,t,h
c,e,n,t,u,r,y
s,i,l,l,a
p,o,w,e,r
g,r,a,d,u,a,l,l,y
e,x,t,e,n,d,e,d
a,c,r,o,s,s
k,o,r,e,a,n
p,e,n,i,n,s,u,l,a
s,i,l,l,a
f,i,r,s,t
a,n,n,e,x,e,d
a,d,j,a,c,e,n,t
g,a,y,a
c,o,n,f,e,d,e,r,a,c,y
5,6,2
b,y
6,4,0,s
s,i,l,l,a
f,o,r,m,e,d
a,l,l,i,a,n,c,e
t,a,n,g
d,y,n,a,s,t,y
c,h,i,n,a
c,o,n,q,u,e,r
b,a,e,k,j,e
l,a,t,e,r
g,o,g,u,r,y,e,o
a,f,t,e,r
c,o,n,q,u,e,r,i,n,g
b,a,e,k,j,e
g,o,g,u,r,y,e,o
s,i,l,l,a
r,e,p,u,l,s,e,d
t,a,n,g
c,h,i,n,a
k,o,r,e,a,n
p,e,n,i,n,s,u,l,a
6,7,6
e,v,e,n
t,h,o,u,g,h
s,i,l,l,a
u,n,i,f,i,e,d
k,o,r,e,a,n
p,e,n,i,n,s,u,l,a
g,o,g,u,r,y,e,o
t,e,r,r,i,t,o,r,i,e,s
n,o,r,t,h
k,o,r,e,a,n
p,e,n,i,n,s,u,l,a
r,u,l,e,d
b,a,l,h,a,e
f,o,r,m,e,r
g,o,g,u,r,y,e,o
g,e,n,e,r,a,l
7,0
7,1
c,h,i,e,f
s,u,m,o
m,o,h,e
7,2
7,3
7,4
d,a,e
j,o
y,e,o,n,g
l,e,d
g,r,o,u,p
g,o,g,u,r,y,e,o
m,o,h,e
r,e,f,u,g,e,e,s
j,i,l,i,n
f,o,u,n,d,e,d
k,i,n,g,d,o,m
b,a,l,h,a,e
3,0
y,e,a,r,s
c,o,l,l,a,p,s,e
g,o,g,u,r,y,e,o
s,u,c,c,e,s,s,o,r
g,o,g,u,r,y,e,o
a,t
h,e,i,g,h,t
b,a,l,h,a,e
t,e,r,r,i,t,o,r,i,e,s
e,x,t,e,n,d,e,d
s,o,u,t,h,e,r,n
m,a,n,c,h,u,r,i,a
n,o,r,t,h,e,r,n
k,o,r,e,a,n
p,e,n,i,n,s,u,l,a
b,a,l,h,a,e
c,a,l,l,e,d
p,r,o,s,p,e,r,o,u,s
c,o,u,n,t,r,y
e,a,s,t
7,5
l,a,t,e,r
s,i,l,l,a
c,a,r,r,i,e,d
m,a,r,i,t,i,m,e
p,r,o,w,e,s,s
b,a,e,k,j,e
a,c,t,e,d
l,i,k,e
p,h,o,e,n,i,c,i,a
m,e,d,i,e,v,a,l
e,a,s,t
a,s,i,a
7,6
8,t,h
9,t,h
c,e,n,t,u,r,i,e,s
d,o,m,i,n,a,t,e,d
s,e,a,s
e,a,s,t
a,s,i,a
t,r,a,d,e
c,h,i,n,a
k,o,r,e,a
j,a,p,a,n
n,o,t,a,b,l,y
t,i,m,e
j,a,n,g
b,o,g,o
a,d,d,i,t,i,o,n
s,i,l,l,a
p,e,o,p,l,e
m,a,d,e
o,v,e,r,s,e,a,s
c,o,m,m,u,n,i,t,i,e,s
c,h,i,n,a
s,h,a,n,d,o,n,g
p,e,n,i,n,s,u,l,a
m,o,u,t,h
y,a,n,g,t,z,e
r,i,v,e,r
7,7
7,8
7,9
8,0
l,a,t,e,r
s,i,l,l,a
p,r,o,s,p,e,r,o,u,s
w,e,a,l,t,h,y
c,o,u,n,t,r,y
8,1
m,e,t,r,o,p,o,l,i,t,a,n
c,a,p,i,t,a,l
g,y,e,o,n,g,j,u
8,2
f,o,u,r,t,h
l,a,r,g,e,s,t
c,i,t,y
w,o,r,l,d
8,3
8,4
8,5
8,6
l,a,t,e,r
s,i,l,l,a
g,o,l,d,e,n
a,g,e
a,r,t
c,u,l,t,u,r,e
8,7
8,8
8,9
9,0
e,v,i,d,e,n,c,e,d
h,w,a,n,g,n,y,o,n,g,s,a
s,e,o,k,g,u,r,a,m
e,m,i,l,l,e
b,e,l,l
b,u,d,d,h,i,s,m
f,l,o,u,r,i,s,h,e,d
t,i,m,e
m,a,n,y
k,o,r,e,a,n
b,u,d,d,h,i,s,t,s
g,a,i,n,e,d
g,r,e,a,t
f,a,m,e
a,m,o,n,g
c,h,i,n,e,s,e
b,u,d,d,h,i,s,t,s
9,1
c,o,n,t,r,i,b,u,t,e,d
c,h,i,n,e,s,e
b,u,d,d,h,i,s,m
9,2
i,n,c,l,u,d,i,n,g
w,o,n,c,h,e,u,k
w,o,n,h,y,o
u,i,s,a,n,g
m,u,s,a,n,g
9,3
9,4
9,5
9,6
k,i,m
g,y,o
g,a,k
s,i,l,l,a
p,r,i,n,c,e
w,h,o,s,e
i,n,f,l,u,e,n,c,e
m,a,d,e
m,o,u,n,t
j,i,u,h,u,a
o,n,e
f,o,u,r
s,a,c,r,e,d
m,o,u,n,t,a,i,n,s
c,h,i,n,e,s,e
b,u,d,d,h,i,s,m
9,7
9,8
9,9
1,0,0
1,0,1
g,o,r,y,e,o
d,y,n,a,s,t,y
g,o,r,y,e,o
f,o,u,n,d,e,d
9,1,8
r,e,p,l,a,c,e,d
s,i,l,l,a
r,u,l,i,n,g
d,y,n,a,s,t,y
k,o,r,e,a
g,o,r,y,e,o
l,a,n,d
f,i,r,s,t
s,o,u,t,h
k,o,r,e,a
1
3
n,o,r,t,h
k,o,r,e,a
l,a,t,e,r
m,a,n,a,g,e,d
r,e,c,o,v,e,r
k,o,r,e,a,n
p,e,n,i,n,s,u,l,a
m,o,m,e,n,t,a,r,i,l,y
g,o,r,y,e,o
a,d,v,a,n,c,e,d
p,a,r,t,s
j,i,a,n,d,a,o
c,o,n,q,u,e,r,i,n,g
j,u,r,c,h,e,n,s
r,e,t,u,r,n,e,d
t,e,r,r,i,t,o,r,i,e,s
d,u,e
h,a,r,s,h
c,l,i,m,a,t,e
d,i,f,f,i,c,u,l,t,i,e,s
d,e,f,e,n,d,i,n,g
t,h,e
n,a,m,e
g,o,r,y,e,o
s,h,o,r,t
f,o,r,m
g,o,g,u,r,y,e,o
f,i,r,s,t
u,s,e,d
t,i,m,e
k,i,n,g
j,a,n,g,s,u
g,o,r,y,e,o
r,e,g,a,r,d,e,d
s,u,c,c,e,s,s,o,r
g,o,g,u,r,y,e,o
h,e,n,c,e
n,a,m,e
e,f,f,o,r,t,s
r,e,c,o,v,e,r
f,o,r,m,e,r
t,e,r,r,i,t,o,r,i,e,s
g,o,g,u,r,y,e,o
1,0,3
1,0,4
1,0,5
1,0,6
w,a,n,g
g,e,o,n
f,o,u,n,d,e,r
g,o,r,y,e,o
g,o,g,u,r,y,e,o
d,e,s,c,e,n,t
t,r,a,c,e,d
a,n,c,e,s,t,r,y
n,o,b,l,e
g,o,g,u,r,y,e,o
c,l,a,n
1,0,7
h,e
m,a,d,e
k,a,e,s,o,n,g
h,o,m,e,t,o,w,n
c,a,p,i,t,a,l
d,u,r,i,n,g
p,e,r,i,o,d
l,a,w,s
c,o,d,i,f,i,e,d
c,i,v,i,l
s,e,r,v,i,c,e
s,y,s,t,e,m
i,n,t,r,o,d,u,c,e,d
b,u,d,d,h,i,s,m
f,l,o,u,r,i,s,h,e,d
s,p,r,e,a,d
t,h,r,o,u,g,h,o,u,t
p,e,n,i,n,s,u,l,a
t,h,e
d,e,v,e,l,o,p,m,e,n,t
c,e,l,a,d,o,n
i,n,d,u,s,t,r,i,e,s
f,l,o,u,r,i,s,h,e,d
1,2,t,h
1,3,t,h
c,e,n,t,u,r,i,e,s
t,h,e
p,u,b,l,i,c,a,t,i,o,n
t,r,i,p,i,t,a,k,a
k,o,r,e,a,n,a
o,n,t,o
8,0
0,0,0
w,o,o,d,e,n
b,l,o,c,k,s
i,n,v,e,n,t,i,o,n
w,o,r,l,d
f,i,r,s,t
m,e,t,a,l
m,o,v,a,b,l,e
t,y,p,e
1,3,t,h
c,e,n,t,u,r,y
a,t,t,e,s,t
g,o,r,y,e,o
c,u,l,t,u,r,a,l
a,c,h,i,e,v,e,m,e,n,t,s
4
5
6
7
8
9
a,f,t,e,r
d,e,f,e,a,t,i,n,g
k,h,i,t,a,n
e,m,p,i,r,e
p,o,w,e,r,f,u,l
e,m,p,i,r,e
t,i,m,e
1,0,9
1,1,0
g,o,r,y,e,o
e,x,p,e,r,i,e,n,c,e,d
g,o,l,d,e,n
a,g,e
l,a,s,t,e,d
c,e,n,t,u,r,y
t,r,i,p,i,t,a,k,a
k,o,r,e,a,n,a
c,o,m,p,l,e,t,e,d
g,r,e,a,t
d,e,v,e,l,o,p,m,e,n,t,s
p,r,i,n,t,i,n,g
p,u,b,l,i,s,h,i,n,g
p,r,o,m,o,t,i,n,g
l,e,a,r,n,i,n,g
d,i,s,p,e,r,s,i,n,g
k,n,o,w,l,e,d,g,e
p,h,i,l,o,s,o,p,h,y
l,i,t,e,r,a,t,u,r,e
r,e,l,i,g,i,o,n
s,c,i,e,n,c,e
1,1,0,0
1,2
u,n,i,v,e,r,s,i,t,i,e,s
p,r,o,d,u,c,e,d
f,a,m,o,u,s
s,c,h,o,l,a,r,s
s,c,i,e,n,t,i,s,t,s
1,1,1
1,1,2
g,o,r,y,e,o
i,n,v,a,d,e,d
m,o,n,g,o,l,s
s,e,v,e,n
m,a,j,o,r
c,a,m,p,a,i,g,n,s
1,2,3,0,s
1,2,7,0,s
n,e,v,e,r
c,o,n,q,u,e,r,e,d
1,1,3
e,x,h,a,u,s,t,e,d
d,e,c,a,d,e,s
f,i,g,h,t,i,n,g
g,o,r,y,e,o
s,e,n,t
c,r,o,w,n
p,r,i,n,c,e
y,u,a,n
c,a,p,i,t,a,l
s,w,e,a,r
a,l,l,e,g,i,a,n,c,e
m,o,n,g,o,l,s
k,u,b,l,a,i
k,h,a,n
a,c,c,e,p,t,e,d
m,a,r,r,i,e,d
o,n,e
d,a,u,g,h,t,e,r,s
k,o,r,e,a,n
c,r,o,w,n
p,r,i,n,c,e
1,1,3
d,y,n,a,s,t,i,c
l,i,n,e
g,o,r,y,e,o
c,o,n,t,i,n,u,e,d
s,u,r,v,i,v,e
o,v,e,r,l,o,r,d,s,h,i,p
m,o,n,g,o,l
y,u,a,n
d,y,n,a,s,t,y
s,e,m,i
a,u,t,o,n,o,m,o,u,s
v,a,s,s,a,l
s,t,a,t,e
c,o,m,p,u,l,s,o,r,y
a,l,l,y
t,h,e
t,w,o
n,a,t,i,o,n,s
b,e,c,a,m,e
i,n,t,e,r,t,w,i,n,e,d
8,0
y,e,a,r,s
s,u,b,s,e,q,u,e,n,t
k,o,r,e,a,n
k,i,n,g,s
m,a,r,r,i,e,d
m,o,n,g,o,l
p,r,i,n,c,e,s,s,e,s
1,1,3
l,a,s,t
e,m,p,r,e,s,s
y,u,a,n
d,y,n,a,s,t,y
k,o,r,e,a,n
p,r,i,n,c,e,s,s
1,1,4
s,e,l,f
p,u,b,l,i,s,h,e,d
s,o,u,r,c,e
i,n
1,3,5,0,s
k,i,n,g
g,o,n,g,m,i,n
f,r,e,e
l,a,s,t
r,e,f,o,r,m
g,o,r,y,e,o
g,o,v,e,r,n,m,e,n,t
y,u,a,n
d,y,n,a,s,t,y
b,e,g,a,n
c,r,u,m,b,l,e
g,o,n,g,m,i,n
v,a,r,i,o,u,s
p,r,o,b,l,e,m,s
n,e,e,d,e,d
d,e,a,l,t
i,n,c,l,u,d,e,d
r,e,m,o,v,a,l
p,r,o
m,o,n,g,o,l
a,r,i,s,t,o,c,r,a,t,s
m,i,l,i,t,a,r,y
o,f,f,i,c,i,a,l,s
q,u,e,s,t,i,o,n
l,a,n,d
h,o,l,d,i,n,g
q,u,e,l,l,i,n,g
g,r,o,w,i,n,g
a,n,i,m,o,s,i,t,y
b,u,d,d,h,i,s,t,s
c,o,n,f,u,c,i,a,n
s,c,h,o,l,a,r,s
d,u,r,i,n,g
t,u,m,u,l,t,u,o,u,s
p,e,r,i,o,d
g,o,r,y,e,o
m,o,m,e,n,t,a,r,i,l,y
c,o,n,q,u,e,r,e,d
l,i,a,o,y,a,n,g
1,3,5,6
r,e,p,u,l,s,e,d
t,w,o
l,a,r,g,e
i,n,v,a,s,i,o,n,s
r,e,d
t,u,r,b,a,n,s
1,3,5,9
1,3,6,0
d,e,f,e,a,t,e,d
f,i,n,a,l
a,t,t,e,m,p,t
y,u,a,n
d,o,m,i,n,a,t,e
g,o,r,y,e,o
g,e,n,e,r,a,l
c,h,o,e
y,e,o,n,g
d,e,f,e,a,t,e,d
m,o,n,g,o,l
t,u,m,e,n
1,3,6,4
d,u,r,i,n,g
1,3,8,0,s
g,o,r,y,e,o
t,u,r,n,e,d
a,t,t,e,n,t,i,o,n
w,o,k,o,u
t,h,r,e,a,t
u,s,e,d
n,a,v,a,l
a,r,t,i,l,l,e,r,y
c,r,e,a,t,e,d
c,h,o,e
m,u,s,e,o,n
a,n,n,i,h,i,l,a,t,e
h,u,n,d,r,e,d,s
p,i,r,a,t,e
s,h,i,p,s
j,o,s,e,o,n
d,y,n,a,s,t,y
i,n
1,3,9,2
g,e,n,e,r,a,l
y,i
s,e,o,n,g
g,y,e
o,v,e,r,t,h,r,e,w
g,o,r,y,e,o
d,y,n,a,s,t,y
s,t,a,g,e,d
c,o,u,p
d,e,f,e,a,t,e,d
g,e,n,e,r,a,l
c,h,o,e
y,e,o,n,g
y,i
s,e,o,n,g
g,y,e
n,a,m,e,d
n,e,w
d,y,n,a,s,t,y
j,o,s,e,o,n
m,o,v,e,d
c,a,p,i,t,a,l
k,a,e,s,o,n,g
h,a,n,s,e,o,n,g
f,o,r,m,e,r,l,y
h,a,n,y,a,n,g
m,o,d,e,r,n
d,a,y
s,e,o,u,l
b,u,i,l,t
g,y,e,o,n,g,b,o,k,g,u,n,g
p,a,l,a,c,e
1,1,5
i,n
1,3,9,4
a,d,o,p,t,e,d
c,o,n,f,u,c,i,a,n,i,s,m
c,o,u,n,t,r,y
o,f,f,i,c,i,a,l
i,d,e,o,l,o,g,y
r,e,s,u,l,t,i,n,g
m,u,c,h
l,o,s,s
p,o,w,e,r
w,e,a,l,t,h
b,u,d,d,h,i,s,t,s
t,h,e
p,r,e,v,a,i,l,i,n,g
p,h,i,l,o,s,o,p,h,y
j,o,s,e,o,n
d,y,n,a,s,t,y
n,e,o
c,o,n,f,u,c,i,a,n,i,s,m
e,p,i,t,o,m,i,z,e,d
s,e,o,n,b,i
c,l,a,s,s
s,c,h,o,l,a,r,s
p,a,s,s,e,d
p,o,s,i,t,i,o,n,s
w,e,a,l,t,h
p,o,w,e,r
l,e,a,d
l,i,v,e,s
s,t,u,d,y
i,n,t,e,g,r,i,t,y
j,o,s,e,o,n
n,o,m,i,n,a,l
t,r,i,b,u,t,a,r,y
s,t,a,t,e
c,h,i,n,a
e,x,e,r,c,i,s,e,d
f,u,l,l
s,o,v,e,r,e,i,g,n,t,y
1,1,6
1,1,7
m,a,i,n,t,a,i,n,e,d
h,i,g,h,e,s,t
p,o,s,i,t,i,o,n
a,m,o,n,g
c,h,i,n,a
t,r,i,b,u,t,a,r,y
s,t,a,t,e,s
1,1,8
1,1,9
a,l,s,o
i,n,c,l,u,d,e,d
c,o,u,n,t,r,i,e,s
r,y,u,k,y,u
k,i,n,g,d,o,m
v,i,e,t,n,a,m
b,u,r,m,a
b,r,u,n,e,i
l,a,o,s
t,h,a,i,l,a,n,d
1,2,0
1,2,1
1,2,2
p,h,i,l,i,p,p,i,n,e,s
a,m,o,n,g
o,t,h,e,r,s
1,2,3
1,2,4
i,n
a,d,d,i,t,i,o,n
j,o,s,e,o,n
r,e,c,e,i,v,e,d
t,r,i,b,u,t,e
j,u,r,c,h,e,n,s
j,a,p,a,n,e,s,e
1,7,t,h
c,e,n,t,u,r,y
1,2,5
1,2,6
1,2,7
s,m,a,l,l
e,n,c,l,a,v,e
r,y,u,k,y,u
k,i,n,g,d,o,m
e,n,g,a,g,e,d
t,r,a,d,e
s,i,a,m
j,a,v,a
1,2,8
a,f,t,e,r
n,o,r,m,a,l,i,z,i,n,g
r,e,l,a,t,i,o,n,s
n,e,w
q,i,n,g
d,y,n,a,s,t,y
j,o,s,e,o,n
e,x,p,e,r,i,e,n,c,e,d
n,e,a,r,l,y
2,0,0
y,e,a,r
p,e,r,i,o,d
p,e,a,c,e
k,i,n,g,s
y,e,o,n,g,j,o
j,e,o,n,g,j,o
l,e,d
n,e,w
r,e,n,a,i,s,s,a,n,c,e
j,o,s,e,o,n
d,y,n,a,s,t,y
1,8,t,h
c,e,n,t,u,r,y
1,3,8
1,3,9
i,n
1,9,t,h
c,e,n,t,u,r,y
r,o,y,a,l
l,a,w
f,a,m,i,l,i,e,s
g,a,i,n,e,d
c,o,n,t,r,o,l
g,o,v,e,r,n,m,e,n,t
l,e,a,d,i,n,g
m,a,s,s
c,o,r,r,u,p,t,i,o,n
w,e,a,k,e,n,i,n,g
s,t,a,t,e
s,e,v,e,r,e
p,o,v,e,r,t,y
p,e,a,s,a,n,t
r,e,b,e,l,l,i,o,n,s
s,p,r,e,a,d,i,n,g
t,h,r,o,u,g,h,o,u,t
c,o,u,n,t,r,y
f,u,r,t,h,e,r,m,o,r,e
j,o,s,e,o,n
g,o,v,e,r,n,m,e,n,t
a,d,o,p,t,e,d
s,t,r,i,c,t
i,s,o,l,a,t,i,o,n,i,s,t
p,o,l,i,c,y
e,a,r,n,i,n,g
n,i,c,k,n,a,m,e
h,e,r,m,i,t
k,i,n,g,d,o,m
u,l,t,i,m,a,t,e,l,y
f,a,i,l,e,d
p,r,o,t,e,c,t
i,m,p,e,r,i,a,l,i,s,m
f,o,r,c,e,d
o,p,e,n
b,o,r,d,e,r,s
b,e,g,i,n,n,i,n,g
e,r,a
l,e,a,d,i,n,g
j,a,p,a,n,e,s,e
i,m,p,e,r,i,a,l
r,u,l,e
k,o,r,e,a,n
e,m,p,i,r,e
j,a,p,a,n,e,s,e
o,c,c,u,p,a,t,i,o,n
j,a,p,a,n
k,o,r,e,a
a,n,n,e,x,a,t,i,o,n
k,o,r,e,a,n
r,e,s,i,s,t,a,n,c,e
b,r,u,t,a,l
j,a,p,a,n,e,s,e
o,c,c,u,p,a,t,i,o,n
1,4,2
1,4,3
1,4,4
m,a,n,i,f,e,s,t,e,d
n,o,n,v,i,o,l,e,n,t
m,a,r,c,h
1,s,t
m,o,v,e,m,e,n,t
1,9,1,9
7
0,0,0
d,e,m,o,n,s,t,r,a,t,o,r,s
k,i,l,l,e,d
j,a,p,a,n,e,s,e
p,o,l,i,c,e
m,i,l,i,t,a,r,y
1,4,5
t,h,e
k,o,r,e,a,n
l,i,b,e,r,a,t,i,o,n
m,o,v,e,m,e,n,t
a,l,s,o
s,p,r,e,a,d
n,e,i,g,h,b,o,u,r,i,n,g
m,a,n,c,h,u,r,i,a
s,i,b,e,r,i,a
o,v,e,r
f,i,v,e
m,i,l,l,i,o,n
k,o,r,e,a,n,s
c,o,n,s,c,r,i,p,t,e,d
l,a,b,o,u,r
b,e,g,i,n,n,i,n,g
1,9,3,9
1,4,6
t,e,n,s
t,h,o,u,s,a,n,d,s
m,e,n
f,o,r,c,e,d
j,a,p,a,n
m,i,l,i,t,a,r,y
1,4,7
n,e,a,r,l,y
4,0,0
0,0,0
k,o,r,e,a,n
l,a,b,o,u,r,e,r,s
d,i,e,d
1,4,8
a,p,p,r,o,x,i,m,a,t,e,l,y
2,0,0
0,0,0
g,i,r,l,s
w,o,m,e,n
1,4,9
m,o,s,t,l,y
c,h,i,n,a
k,o,r,e,a
f,o,r,c,e,d
s,e,x,u,a,l
s,l,a,v,e,r,y
j,a,p,a,n,e,s,e
m,i,l,i,t,a,r,y
1,5,0
i,n
1,9,9,3
j,a,p,a,n,e,s,e
c,h,i,e,f
c,a,b,i,n,e,t
s,e,c,r,e,t,a,r,y
y,o,h,e,i
k,o,n,o
a,c,k,n,o,w,l,e,d,g,e,d
t,e,r,r,i,b,l,e
i,n,j,u,s,t,i,c,e,s
f,a,c,e,d
e,u,p,h,e,m,i,s,t,i,c,a,l,l,y
n,a,m,e,d
c,o,m,f,o,r,t
w,o,m,e,n
1,5,1
1,5,2
t,h,e,r,e
s,i,g,n,i,f,i,c,a,n,t
e,m,i,g,r,a,t,i,o,n
o,v,e,r,s,e,a,s
t,e,r,r,i,t,o,r,i,e,s
e,m,p,i,r,e
j,a,p,a,n
j,a,p,a,n,e,s,e
o,c,c,u,p,a,t,i,o,n
p,e,r,i,o,d
i,n,c,l,u,d,i,n,g
k,o,r,e,a
1,5,9
b,y
e,n,d
w,o,r,l,d
w,a,r
i,i
8,5,0
0,0,0
j,a,p,a,n,e,s,e
s,e,t,t,l,e,r,s
k,o,r,e,a
1,6,0
a,f,t,e,r
w,o,r,l,d
w,a,r
i,i
o,v,e,r,s,e,a,s
j,a,p,a,n,e,s,e
r,e,p,a,t,r,i,a,t,e,d
j,a,p,a,n
d,i,v,i,s,i,o,n
i,n
1,9,4,5
s,u,r,r,e,n,d,e,r
j,a,p,a,n
u,n,i,t,e,d
n,a,t,i,o,n,s
d,e,v,e,l,o,p,e,d
p,l,a,n,s
t,r,u,s,t,e,e,s,h,i,p
a,d,m,i,n,i,s,t,r,a,t,i,o,n
s,o,v,i,e,t
u,n,i,o,n
a,d,m,i,n,i,s,t,e,r,i,n,g
p,e,n,i,n,s,u,l,a
n,o,r,t,h
3,8,t,h
p,a,r,a,l,l,e,l
u,n,i,t,e,d
s,t,a,t,e,s
a,d,m,i,n,i,s,t,e,r,i,n,g
s,o,u,t,h
t,h,e
p,o,l,i,t,i,c,s
c,o,l,d
w,a,r
r,e,s,u,l,t,e,d
1,9,4,8
e,s,t,a,b,l,i,s,h,m,e,n,t
t,w,o
s,e,p,a,r,a,t,e
g,o,v,e,r,n,m,e,n,t,s
n,o,r,t,h
k,o,r,e,a
s,o,u,t,h
k,o,r,e,a
t,h,e
a,f,t,e,r,m,a,t,h
w,o,r,l,d
w,a,r
i,i
l,e,f,t
k,o,r,e,a
p,a,r,t,i,t,i,o,n,e,d
a,l,o,n,g
3,8,t,h
p,a,r,a,l,l,e,l
n,o,r,t,h
s,o,v,i,e,t
o,c,c,u,p,a,t,i,o,n
s,o,u,t,h
u,s
o,c,c,u,p,a,t,i,o,n
s,u,p,p,o,r,t,e,d
a,l,l,i,e,d
s,t,a,t,e,s
c,o,n,s,e,q,u,e,n,t,l,y
n,o,r,t,h
k,o,r,e,a
s,o,v,i,e,t
s,t,y,l,e
s,o,c,i,a,l,i,s,t
r,e,p,u,b,l,i,c
e,s,t,a,b,l,i,s,h,e,d
n,o,r,t,h
s,o,u,t,h
k,o,r,e,a
w,e,s,t,e,r,n
s,t,y,l,e
r,e,g,i,m,e
e,s,t,a,b,l,i,s,h,e,d
s,o,u,t,h
n,o,r,t,h
k,o,r,e,a
o,n,e
p,a,r,t,y
s,t,a,t,e
c,e,n,t,r,e,d
k,i,m
i,l
s,u,n,g
j,u,c,h,e
i,d,e,o,l,o,g,y
c,e,n,t,r,a,l,l,y
p,l,a,n,n,e,d
i,n,d,u,s,t,r,i,a,l
e,c,o,n,o,m,y
s,o,u,t,h
k,o,r,e,a
m,u,l,t,i
p,a,r,t,y
s,t,a,t,e
c,a,p,i,t,a,l,i,s,t
m,a,r,k,e,t
e,c,o,n,o,m,y
a,l,o,n,g,s,i,d,e
m,e,m,b,e,r,s,h,i,p
o,r,g,a,n,i,s,a,t,i,o,n
e,c,o,n,o,m,i,c
c,o
o,p,e,r,a,t,i,o,n
d,e,v,e,l,o,p,m,e,n,t
g,r,o,u,p
t,w,e,n,t,y
t,h,e
t,w,o
s,t,a,t,e,s
g,r,e,a,t,l,y
d,i,v,e,r,g,e,d
c,u,l,t,u,r,a,l,l,y
e,c,o,n,o,m,i,c,a,l,l,y
s,i,n,c,e
p,a,r,t,i,t,i,o,n
t,h,o,u,g,h
s,t,i,l,l
s,h,a,r,e
c,o,m,m,o,n
t,r,a,d,i,t,i,o,n,a,l
c,u,l,t,u,r,e
p,r,e
c,o,l,d
w,a,r
h,i,s,t,o,r,y
s,i,n,c,e
1,9,6,0,s
s,o,u,t,h
k,o,r,e,a,n
e,c,o,n,o,m,y
g,r,o,w,n
e,n,o,r,m,o,u,s,l,y
e,c,o,n,o,m,i,c
s,t,r,u,c,t,u,r,e
r,a,d,i,c,a,l,l,y
t,r,a,n,s,f,o,r,m,e,d
i,n
1,9,5,7
s,o,u,t,h
k,o,r,e,a
l,o,w,e,r
p,e,r
c,a,p,i,t,a
g,d,p
g,h,a,n,a
1,6,1
2,0,0,8
1,7
t,i,m,e,s
h,i,g,h
g,h,a,n,a
a,c,c,o,r,d,i,n,g
r
j
r,u,m,m,e,l
f,o,r,c,e,d
l,a,b,o,r
e,x,e,c,u,t,i,o,n,s
c,o,n,c,e,n,t,r,a,t,i,o,n
c,a,m,p,s
r,e,s,p,o,n,s,i,b,l,e
o,n,e
m,i,l,l,i,o,n
d,e,a,t,h,s
n,o,r,t,h
k,o,r,e,a
1,9,4,8
1,9,8,7
1,6,3
o,t,h,e,r,s
e,s,t,i,m,a,t,e,d
4,0,0
0,0,0
d,e,a,t,h,s
c,o,n,c,e,n,t,r,a,t,i,o,n
c,a,m,p,s
a,l,o,n,e
1,6,4
e,s,t,i,m,a,t,e,s
b,a,s,e,d
r,e,c,e,n,t
n,o,r,t,h
k,o,r,e,a,n
c,e,n,s,u,s
s,u,g,g,e,s,t
2,4,0
0,0,0
4,2,0
0,0,0
p,e,o,p,l,e
d,i,e,d
r,e,s,u,l,t
1,9,9,0,s
f,a,m,i,n,e
6,0,0
0,0,0
8,5,0
0,0,0
u,n,n,a,t,u,r,a,l
d,e,a,t,h,s
n,o,r,t,h
k,o,r,e,a
1,9,9,3
2,0,0,8
1,6,5
i,n
s,o,u,t,h
k,o,r,e,a
g,u,e,r,r,i,l,l,a
a,c,t,i,v,i,t,i,e,s
e,x,p,a,n,d,e,d
s,o,u,t,h
k,o,r,e,a,n
g,o,v,e,r,n,m,e,n,t
u,s,e,d
s,t,r,o,n,g
m,e,a,s,u,r,e,s
p,e,a,s,a,n,t,s
f,o,r,c,e,f,u,l,l,y
m,o,v,i,n,g
f,a,m,i,l,i,e,s
g,u,e,r,r,i,l,l,a
a,r,e,a,s
a,c,c,o,r,d,i,n,g
o,n,e
e,s,t,i,m,a,t,e
m,e,a,s,u,r,e,s
r,e,s,u,l,t,e,d
3,6
0,0,0
p,e,o,p,l,e
k,i,l,l,e,d
1,1
0,0,0
p,e,o,p,l,e
w,o,u,n,d,e,d
4,3,2
0,0,0
p,e,o,p,l,e
d,i,s,p,l,a,c,e,d
1,6,6
k,o,r,e,a,n
w,a,r
t,h,e
k,o,r,e,a,n
w,a,r
b,r,o,k,e
s,o,v,i,e,t
b,a,c,k,e,d
n,o,r,t,h
k,o,r,e,a
i,n,v,a,d,e,d
s,o,u,t,h
k,o,r,e,a
t,h,o,u,g,h
n,e,i,t,h,e,r
s,i,d,e
g,a,i,n,e,d
m,u,c,h
t,e,r,r,i,t,o,r,y
r,e,s,u,l,t
t,h,e
k,o,r,e,a,n
p,e,n,i,n,s,u,l,a
r,e,m,a,i,n,e,d
d,i,v,i,d,e,d
k,o,r,e,a,n
d,e,m,i,l,i,t,a,r,i,z,e,d
z,o,n,e
d,e
f,a,c,t,o
b,o,r,d,e,r
t,w,o
s,t,a,t,e,s
l,i,s,t
h,e,a,d,s
s,t,a,t,e
s,i,n,c,e
1,8,9,7
d,e,m,o,g,r,a,p,h,i,c,s
t,h,e
c,o,m,b,i,n,e,d
p,o,p,u,l,a,t,i,o,n
k,o,r,e,a,s
7,6
m,i,l,l,i,o,n
n,o,r,t,h
k,o,r,e,a
2,5
m,i,l,l,i,o,n
s,o,u,t,h
k,o,r,e,a
5,1
m,i,l,l,i,o,n
k,o,r,e,a
c,h,i,e,f,l,y
p,o,p,u,l,a,t,e,d
h,i,g,h,l,y
h,o,m,o,g,e,n,e,o,u,s
e,t,h,n,i,c
g,r,o,u,p
k,o,r,e,a,n,s
s,p,e,a,k
k,o,r,e,a,n
l,a,n,g,u,a,g,e
1,6,8
t,h,e
n,u,m,b,e,r
f,o,r,e,i,g,n,e,r,s
l,i,v,i,n,g
k,o,r,e,a
a,l,s,o
s,t,e,a,d,i,l,y
i,n,c,r,e,a,s,e,d
s,i,n,c,e
l,a,t,e
2,0,t,h
c,e,n,t,u,r,y
p,a,r,t,i,c,u,l,a,r,l,y
s,o,u,t,h
k,o,r,e,a
1
m,i,l,l,i,o,n
f,o,r,e,i,g,n,e,r,s
r,e,s,i,d,e
1,6,9
i,t
e,s,t,i,m,a,t,e,d
2,0,0,6
2,6
7,0,0
o,l,d
c,h,i,n,e,s,e
c,o,m,m,u,n,i,t,y
r,e,m,a,i,n
s,o,u,t,h
k,o,r,e,a
1,7,0
h,o,w,e,v,e,r
r,e,c,e,n,t
y,e,a,r,s
i,m,m,i,g,r,a,t,i,o,n
m,a,i,n,l,a,n,d
c,h,i,n,a
i,n,c,r,e,a,s,e,d
6,2,4
9,9,4
p,e,r,s,o,n,s
c,h,i,n,e,s,e
n,a,t,i,o,n,a,l,i,t,y
i,m,m,i,g,r,a,t,e,d
s,o,u,t,h
k,o,r,e,a
i,n,c,l,u,d,i,n,g
4,4,3
5,6,6
e,t,h,n,i,c
k,o,r,e,a,n
d,e,s,c,e,n,t
1,7,1
s,m,a,l,l
c,o,m,m,u,n,i,t,i,e,s
e,t,h,n,i,c
c,h,i,n,e,s,e
j,a,p,a,n,e,s,e
a,l,s,o
f,o,u,n,d
n,o,r,t,h
k,o,r,e,a
1,7,2
l,a,n,g,u,a,g,e
k,o,r,e,a,n
o,f,f,i,c,i,a,l
l,a,n,g,u,a,g,e
n,o,r,t,h
s,o,u,t,h
k,o,r,e,a
a,l,o,n,g
m,a,n,d,a,r,i,n
y,a,n,b,i,a,n
k,o,r,e,a,n
a,u,t,o,n,o,m,o,u,s
p,r,e,f,e,c,t,u,r,e
m,a,n,c,h,u,r,i,a
a,r,e,a
c,h,i,n,a
w,o,r,l,d,w,i,d,e
8,0
m,i,l,l,i,o,n
s,p,e,a,k,e,r,s
k,o,r,e,a,n
l,a,n,g,u,a,g,e
s,o,u,t,h
k,o,r,e,a
a,r,o,u,n,d
5,0
m,i,l,l,i,o,n
s,p,e,a,k,e,r,s
n,o,r,t,h
k,o,r,e,a
a,r,o,u,n,d
2,5
m,i,l,l,i,o,n
o,t,h,e,r
l,a,r,g,e
g,r,o,u,p,s
k,o,r,e,a,n
s,p,e,a,k,e,r,s
k,o,r,e,a,n
d,i,a,s,p,o,r,a
f,o,u,n,d
c,h,i,n,a
u,n,i,t,e,d
s,t,a,t,e,s
j,a,p,a,n
f,o,r,m,e,r
s,o,v,i,e,t
u,n,i,o,n
e,l,s,e,w,h,e,r,e
t,h,e
c,l,a,s,s,i,f,i,c,a,t,i,o,n
k,o,r,e,a,n
d,e,b,a,t,e,d
s,o,m,e
l,i,n,g,u,i,s,t,s
p,l,a,c,e
a,l,t,a,i,c
l,a,n,g,u,a,g,e
f,a,m,i,l,y
o,t,h,e,r,s
c,o,n,s,i,d,e,r
l,a,n,g,u,a,g,e
i,s,o,l,a,t,e
k,o,r,e,a,n
a,g,g,l,u,t,i,n,a,t,i,v,e
m,o,r,p,h,o,l,o,g,y
s,o,v
s,y,n,t,a,x
l,i,k,e
j,a,p,a,n,e,s,e
v,i,e,t,n,a,m,e,s,e
k,o,r,e,a,n
b,o,r,r,o,w,e,d
m,u,c,h
v,o,c,a,b,u,l,a,r,y
c,h,i,n,e,s,e
c,r,e,a,t,e,d
v,o,c,a,b,u,l,a,r,y
c,h,i,n,e,s,e
m,o,d,e,l,s
m,o,d,e,r,n
k,o,r,e,a,n
w,r,i,t,t,e,n
a,l,m,o,s,t
e,x,c,l,u,s,i,v,e,l,y
s,c,r,i,p,t
k,o,r,e,a,n
a,l,p,h,a,b,e,t
k,n,o,w,n
h,a,n,g,u,l
s,o,u,t,h
k,o,r,e,a
c,h,o,s,u,n,g,u,l
c,h,i,n,a
n,o,r,t,h
k,o,r,e,a
i,n,v,e,n,t,e,d
1,5,t,h
c,e,n,t,u,r,y
k,o,r,e,a,n
s,o,m,e,t,i,m,e,s
w,r,i,t,t,e,n
a,d,d,i,t,i,o,n
c,h,i,n,e,s,e
c,h,a,r,a,c,t,e,r,s
c,a,l,l,e,d
h,a,n,j,a
h,o,w,e,v,e,r
o,c,c,a,s,i,o,n,a,l,l,y
s,e,e,n
n,o,w,a,d,a,y,s
w,h,i,l,e
h,a,n,g,u,l
m,a,y
a,p,p,e,a,r
l,o,g,o,g,r,a,p,h,i,c
a,c,t,u,a,l,l,y
p,h,o,n,e,m,i,c
a,l,p,h,a,b,e,t
o,r,g,a,n,i,s,e,d
s,y,l,l,a,b,i,c
b,l,o,c,k,s
e,a,c,h
b,l,o,c,k
c,o,n,s,i,s,t,s
l,e,a,s,t
t,w,o
2,4
h,a,n,g,u,l
l,e,t,t,e,r,s
j,a,m,o
l,e,a,s,t
o,n,e
1,4
c,o,n,s,o,n,a,n,t,s
1,0
v,o,w,e,l,s
h,i,s,t,o,r,i,c,a,l,l,y
a,l,p,h,a,b,e,t
s,e,v,e,r,a,l
a,d,d,i,t,i,o,n,a,l
l,e,t,t,e,r,s
s,e,e
o,b,s,o,l,e,t,e
j,a,m,o
f,o,r
p,h,o,n,o,l,o,g,i,c,a,l
d,e,s,c,r,i,p,t,i,o,n
l,e,t,t,e,r,s
s,e,e
k,o,r,e,a,n
p,h,o,n,o,l,o,g,y
c,u,l,t,u,r,e
a,r,t,s
i,n
a,n,c,i,e,n,t
c,h,i,n,e,s,e
t,e,x,t,s
k,o,r,e,a
r,e,f,e,r,r,e,d
r,i,v,e,r,s
m,o,u,n,t,a,i,n,s
e,m,b,r,o,i,d,e,r,e,d
s,i,l,k
e,a,s,t,e,r,n
n,a,t,i,o,n
d,e,c,o,r,u,m
1,7,5
i,n,d,i,v,i,d,u,a,l,s
r,e,g,a,r,d,e,d
o,n,e
y,e,a,r
o,l,d
b,o,r,n
k,o,r,e,a,n,s
r,e,c,k,o,n
p,r,e,g,n,a,n,c,y
p,e,r,i,o,d
o,n,e
y,e,a,r
l,i,f,e
i,n,f,a,n,t,s
a,g,e
i,n,c,r,e,m,e,n,t,s
i,n,c,r,e,a,s,e
n,e,w
y,e,a,r
d,a,y
r,a,t,h,e,r
a,n,n,i,v,e,r,s,a,r,y
b,i,r,t,h,d,a,y,s
t,h,u,s
o,n,e
b,o,r,n
i,m,m,e,d,i,a,t,e,l,y
n,e,w
y,e,a,r
d,a,y
m,a,y
d,a,y,s
o,l,d
w,e,s,t,e,r,n
r,e,c,k,o,n,i,n,g
t,w,o
y,e,a,r,s
o,l,d
k,o,r,e,a
a,c,c,o,r,d,i,n,g,l,y
k,o,r,e,a,n
p,e,r,s,o,n
s,t,a,t,e,d
a,g,e
l,e,a,s,t
a,m,o,n,g
f,e,l,l,o,w
k,o,r,e,a,n,s
o,n,e
t,w,o
y,e,a,r,s
a,g,e
a,c,c,o,r,d,i,n,g
w,e,s,t,e,r,n
r,e,c,k,o,n,i,n,g
h,o,w,e,v,e,r
w,e,s,t,e,r,n
r,e,c,k,o,n,i,n,g
s,o,m,e,t,i,m,e,s
a,p,p,l,i,e,d
r,e,g,a,r,d
c,o,n,c,e,p,t
l,e,g,a,l
a,g,e
e,x,a,m,p,l,e
l,e,g,a,l
a,g,e
p,u,r,c,h,a,s,i,n,g
a,l,c,o,h,o,l
c,i,g,a,r,e,t,t,e,s
r,e,p,u,b,l,i,c
k,o,r,e,a
1,9
m,e,a,s,u,r,e,d
a,c,c,o,r,d,i,n,g
w,e,s,t,e,r,n
r,e,c,k,o,n,i,n,g
l,i,t,e,r,a,t,u,r,e
m,o,d,e,r,n
l,i,t,e,r,a,t,u,r,e
o,f,t,e,n
l,i,n,k,e,d
d,e,v,e,l,o,p,m,e,n,t
h,a,n,g,u,l
h,e,l,p,e,d
s,p,r,e,a,d
l,i,t,e,r,a,c,y
a,r,i,s,t,o,c,r,a,c,y
c,o,m,m,o,n
p,e,o,p,l,e
h,a,n,g,u,l
h,o,w,e,v,e,r
r,e,a,c,h,e,d
d,o,m,i,n,a,n,t
p,o,s,i,t,i,o,n
k,o,r,e,a,n
l,i,t,e,r,a,t,u,r,e
s,e,c,o,n,d
h,a,l,f
1,9,t,h
c,e,n,t,u,r,y
r,e,s,u,l,t,i,n,g
m,a,j,o,r
g,r,o,w,t,h
k,o,r,e,a,n
l,i,t,e,r,a,t,u,r,e
s,i,n,s,o,s,e,o,l
i,n,s,t,a,n,c,e
n,o,v,e,l,s
w,r,i,t,t,e,n
h,a,n,g,u,l
t,h,e
k,o,r,e,a,n
w,a,r
l,e,d
d,e,v,e,l,o,p,m,e,n,t
l,i,t,e,r,a,t,u,r,e
c,e,n,t,e,r,e,d
w,o,u,n,d,s
c,h,a,o,s
w,a,r
m,u,c,h
p,o,s,t
w,a,r
l,i,t,e,r,a,t,u,r,e
s,o,u,t,h
k,o,r,e,a
d,e,a,l,s
d,a,i,l,y
l,i,v,e,s
o,r,d,i,n,a,r,y
p,e,o,p,l,e
s,t,r,u,g,g,l,e,s
n,a,t,i,o,n,a,l
p,a,i,n
t,h,e
c,o,l,l,a,p,s,e
t,r,a,d,i,t,i,o,n,a,l
k,o,r,e,a,n
v,a,l,u,e
s,y,s,t,e,m
a,n,o,t,h,e,r
c,o,m,m,o,n
t,h,e,m,e
t,i,m,e
m,u,s,i,c
t,r,a,d,i,t,i,o,n,a,l
k,o,r,e,a,n
m,u,s,i,c
i,n,c,l,u,d,e,s
c,o,m,b,i,n,a,t,i,o,n,s
f,o,l,k
v,o,c,a,l
r,e,l,i,g,i,o,u,s
r,i,t,u,a,l
m,u,s,i,c
s,t,y,l,e,s
k,o,r,e,a,n
p,e,o,p,l,e
k,o,r,e,a,n
m,u,s,i,c
p,r,a,c,t,i,c,e,d
s,i,n,c,e
p,r,e,h,i,s,t,o,r,i,c
t,i,m,e,s
1,7,6
k,o,r,e,a,n
m,u,s,i,c
f,a,l,l,s
t,w,o
b,r,o,a,d
c,a,t,e,g,o,r,i,e,s
t,h,e
f,i,r,s,t
h,y,a,n,g,a,k
l,i,t,e,r,a,l,l,y
m,e,a,n,s
t,h,e
l,o,c,a,l
m,u,s,i,c
m,u,s,i,c
n,a,t,i,v,e
k,o,r,e,a
f,a,m,o,u,s
e,x,a,m,p,l,e
s,u,j,e,c,h,o,n
p,i,e,c,e
i,n,s,t,r,u,m,e,n,t,a,l
m,u,s,i,c
o,f,t,e,n
c,l,a,i,m,e,d
l,e,a,s,t
1
3,0,0
y,e,a,r,s
o,l,d
1,7,7
t,h,e
s,e,c,o,n,d
y,a,n,g,a,k
r,e,p,r,e,s,e,n,t,s
w,e,s,t,e,r,n
s,t,y,l,e
r,e,l,i,g,i,o,n
c,o,n,f,u,c,i,a,n
t,r,a,d,i,t,i,o,n
d,o,m,i,n,a,t,e,d
k,o,r,e,a,n
t,h,o,u,g,h,t
a,l,o,n,g
c,o,n,t,r,i,b,u,t,i,o,n,s
b,u,d,d,h,i,s,m
t,a,o,i,s,m
k,o,r,e,a,n
s,h,a,m,a,n,i,s,m
s,i,n,c,e
m,i,d,d,l,e
2,0,t,h
c,e,n,t,u,r,y
h,o,w,e,v,e,r
c,h,r,i,s,t,i,a,n,i,t,y
c,o,m,p,e,t,e,d
b,u,d,d,h,i,s,m
s,o,u,t,h
k,o,r,e,a
r,e,l,i,g,i,o,u,s
p,r,a,c,t,i,c,e
s,u,p,p,r,e,s,s,e,d
n,o,r,t,h
k,o,r,e,a
t,h,r,o,u,g,h,o,u,t
k,o,r,e,a,n
h,i,s,t,o,r,y
c,u,l,t,u,r,e
r,e,g,a,r,d,l,e,s,s
s,e,p,a,r,a,t,i,o,n
i,n,f,l,u,e,n,c,e
t,r,a,d,i,t,i,o,n,a,l
b,e,l,i,e,f,s
k,o,r,e,a,n
s,h,a,m,a,n,i,s,m
m,a,h,a,y,a,n,a
b,u,d,d,h,i,s,m
c,o,n,f,u,c,i,a,n,i,s,m
t,a,o,i,s,m
r,e,m,a,i,n,e,d
u,n,d,e,r,l,y,i,n,g
r,e,l,i,g,i,o,n
k,o,r,e,a,n
p,e,o,p,l,e
w,e,l,l
v,i,t,a,l
a,s,p,e,c,t
c,u,l,t,u,r,e
t,r,a,d,i,t,i,o,n,s
c,o,e,x,i,s,t,e,d
p,e,a,c,e,f,u,l,l,y
h,u,n,d,r,e,d,s
y,e,a,r,s
t,o,d,a,y
d,e,s,p,i,t,e
s,t,r,o,n,g
w,e,s,t,e,r,n,i,s,a,t,i,o,n
c,h,r,i,s,t,i,a,n
m,i,s,s,i,o,n,a,r,y
c,o,n,v,e,r,s,i,o,n,s
s,o,u,t,h
1,7,8
1,7,9
1,8,0
p,r,e,s,s,u,r,e
j,u,c,h,e
g,o,v,e,r,n,m,e,n,t
n,o,r,t,h
1,8,1
1,8,2
a,c,c,o,r,d,i,n,g
2,0,0,5
s,t,a,t,i,s,t,i,c,s
c,o,m,p,i,l,e,d
s,o,u,t,h
k,o,r,e,a,n
g,o,v,e,r,n,m,e,n,t
4,6
c,i,t,i,z,e,n,s
p,r,o,f,e,s,s
f,o,l,l,o,w
p,a,r,t,i,c,u,l,a,r
r,e,l,i,g,i,o,n
c,h,r,i,s,t,i,a,n,s
a,c,c,o,u,n,t
2,9
2
p,o,p,u,l,a,t,i,o,n
p,r,o,t,e,s,t,a,n,t,s
1,8
3
c,a,t,h,o,l,i,c,s
1,0
9
b,u,d,d,h,i,s,t,s
2,2
8
1,8,3
i,s,l,a,m
s,o,u,t,h
k,o,r,e,a
p,r,a,c,t,i,c,e,d
4,5
0,0,0
n,a,t,i,v,e,s
0
0,9
p,o,p,u,l,a,t,i,o,n
a,d,d,i,t,i,o,n
1,0,0
0,0,0
f,o,r,e,i,g,n
w,o,r,k,e,r,s
m,u,s,l,i,m
c,o,u,n,t,r,i,e,s
1,8,4
c,u,i,s,i,n,e
k,o,r,e,a,n,s
t,r,a,d,i,t,i,o,n,a,l,l,y
b,e,l,i,e,v,e
t,a,s,t,e
q,u,a,l,i,t,y
f,o,o,d
d,e,p,e,n,d
s,p,i,c,e,s
s,a,u,c,e,s
e,s,s,e,n,t,i,a,l
i,n,g,r,e,d,i,e,n,t,s
m,a,k,i,n,g
d,e,l,i,c,i,o,u,s
m,e,a,l
t,h,e,r,e,f,o,r,e
s,o,y,b,e,a,n
p,a,s,t,e
s,o,y
s,a,u,c,e
g,o,c,h,u,j,a,n,g
r,e,d
p,e,p,p,e,r
p,a,s,t,e
k,i,m,c,h,i
i,m,p,o,r,t,a,n,t
s,t,a,p,l,e,s
k,o,r,e,a,n
h,o,u,s,e,h,o,l,d
k,o,r,e,a,n
c,u,i,s,i,n,e
g,r,e,a,t,l,y
i,n,f,l,u,e,n,c,e,d
g,e,o,g,r,a,p,h,y
c,l,i,m,a,t,e
k,o,r,e,a,n
p,e,n,i,n,s,u,l,a
k,n,o,w,n
c,o,l,d
a,u,t,u,m,n,s
w,i,n,t,e,r,s
t,h,e,r,e,f,o,r,e
m,a,n,y
f,e,r,m,e,n,t,e,d
d,i,s,h,e,s
h,o,t
s,o,u,p,s
s,t,e,w,s
k,o,r,e,a,n
c,u,i,s,i,n,e
p,r,o,b,a,b,l,y
b,e,s,t
k,n,o,w,n
k,i,m,c,h,i
s,i,d,e
d,i,s,h
u,s,e,s
d,i,s,t,i,n,c,t,i,v,e
f,e,r,m,e,n,t,a,t,i,o,n
p,r,o,c,e,s,s
p,r,e,s,e,r,v,i,n,g
v,e,g,e,t,a,b,l,e,s
c,o,m,m,o,n,l,y
c,a,b,b,a,g,e
k,i,m,c,h,i
s,a,i,d
r,e,l,i,e,v,e
p,o,r,e,s
s,k,i,n
t,h,e,r,e,b,y
r,e,d,u,c,i,n,g
w,r,i,n,k,l,e,s
p,r,o,v,i,d,i,n,g
n,u,t,r,i,e,n,t,s
s,k,i,n
n,a,t,u,r,a,l,l,y
i,t
a,l,s,o
h,e,a,l,t,h,y
p,r,o,v,i,d,e,s
n,e,c,e,s,s,a,r,y
v,i,t,a,m,i,n,s
n,u,t,r,i,e,n,t,s
g,o,c,h,u,j,a,n,g
t,r,a,d,i,t,i,o,n,a,l
k,o,r,e,a,n
s,a,u,c,e
m,a,d,e
r,e,d
p,e,p,p,e,r
a,l,s,o
c,o,m,m,o,n,l,y
u,s,e,d
o,f,t,e,n
p,e,p,p,e,r
c,h,i,l,l,i
p,a,s,t,e
e,a,r,n,i,n,g
c,u,i,s,i,n,e
r,e,p,u,t,a,t,i,o,n
s,p,i,c,i,n,e,s,s
b,u,l,g,o,g,i
r,o,a,s,t,e,d
m,a,r,i,n,a,t,e,d
m,e,a,t
u,s,u,a,l,l,y
b,e,e,f
g,a,l,b,i
m,a,r,i,n,a,t,e,d
g,r,i,l,l,e,d
s,h,o,r,t
r,i,b,s
s,a,m,g,y,e,o,p,s,a,l
p,o,r,k
b,e,l,l,y
p,o,p,u,l,a,r
m,e,a,t
e,n,t,r,e,e,s
f,i,s,h
a,l,s,o
p,o,p,u,l,a,r
c,o,m,m,o,d,i,t,y
t,r,a,d,i,t,i,o,n,a,l
m,e,a,t
k,o,r,e,a,n,s
e,a,t
m,e,a,l,s
u,s,u,a,l,l,y
a,c,c,o,m,p,a,n,i,e,d
s,o,u,p
s,t,e,w
g,a,l,b,i,t,a,n,g
s,t,e,w,e,d
r,i,b,s
d,o,e,n,j,a,n,g
j,j,i,g,a,e
f,e,r,m,e,n,t,e,d
b,e,a,n
p,a,s,t,e
s,o,u,p
t,h,e
c,e,n,t,e,r
t,a,b,l,e
f,i,l,l,e,d
s,h,a,r,e,d
c,o,l,l,e,c,t,i,o,n
s,i,d,e,d,i,s,h,e,s
c,a,l,l,e,d
b,a,n,c,h,a,n
o,t,h,e,r
p,o,p,u,l,a,r
d,i,s,h,e,s
i,n,c,l,u,d,e
b,i,b,i,m,b,a,p
l,i,t,e,r,a,l,l,y
m,e,a,n,s
m,i,x,e,d
r,i,c,e
r,i,c,e
m,i,x,e,d
m,e,a,t
v,e,g,e,t,a,b,l,e,s
r,e,d
p,e,p,p,e,r
p,a,s,t,e
n,a,e,n,g,m,y,e,o,n
c,o,l,d
n,o,o,d,l,e,s
1,8,5
1,8,6
i,n,s,t,a,n,t
n,o,o,d,l,e,s
r,a,m,y,e,o,n
p,o,p,u,l,a,r
s,n,a,c,k
f,o,o,d
k,o,r,e,a,n,s
a,l,s,o
e,n,j,o,y
f,o,o,d
p,o,j,a,n,g,m,a,c,h,a,s
s,t,r,e,e,t
v,e,n,d,o,r,s
s,e,r,v,e
t,t,e,o,k,b,o,k,k,i
r,i,c,e
c,a,k,e
f,i,s,h
c,a,k,e
s,p,i,c,y
g,o,c,h,u,j,a,n,g
s,a,u,c,e
g,i,m,b,a,p
m,a,d,e
s,t,e,a,m,e,d
w,h,i,t,e
r,i,c,e
w,r,a,p,p,e,d
d,r,i,e,d
l,a,v,e,r
s,e,a,w,e,e,d
f,r,i,e,d
s,q,u,i,d
g,l,a,z,e,d
s,w,e,e,t
p,o,t,a,t,o
s,o,o,n,d,a,e
s,a,u,s,a,g,e
m,a,d,e
c,e,l,l,o,p,h,a,n,e
n,o,o,d,l,e,s
p,o,r,k
b,l,o,o,d
w,i,d,e,l,y
e,a,t,e,n
a,d,d,i,t,i,o,n,a,l,l,y
c,o,m,m,o,n
s,n,a,c,k,s
i,n,c,l,u,d,e
c,h,o,c,o
p,i,e
s,h,r,i,m,p
c,r,a,c,k,e,r,s
b,b,e,o,n,g,t,w,i,g,i
p,u,f,f,e,d
r,i,c,e
g,r,a,i,n,s
n,u,r,u,n,g,j,i
s,l,i,g,h,t,l,y
b,u,r,n,t
r,i,c,e
n,u,r,u,n,g,j,i
e,a,t,e,n
b,o,i,l,e,d
w,a,t,e,r
m,a,k,e
s,o,u,p
n,u,r,u,n,g,j,i
a,l,s,o
e,a,t,e,n
s,n,a,c,k
d,e,s,s,e,r,t
k,o,r,e,a
u,n,i,q,u,e
a,m,o,n,g
a,s,i,a,n
c,o,u,n,t,r,i,e,s
u,s,e
m,e,t,a,l
c,h,o,p,s,t,i,c,k,s
m,e,t,a,l
c,h,o,p,s,t,i,c,k,s
d,i,s,c,o,v,e,r,e,d
a,r,c,h,a,e,o,l,o,g,i,c,a,l
s,i,t,e,s
b,e,l,o,n,g,i,n,g
a,n,c,i,e,n,t
k,o,r,e,a,n
k,i,n,g,d,o,m,s
g,o,g,u,r,y,e,o
b,a,e,k,j,e
s,i,l,l,a
e,d,u,c,a,t,i,o,n
t,h,e
m,o,d,e,r,n
s,o,u,t,h
k,o,r,e,a,n
s,c,h,o,o,l
s,y,s,t,e,m
c,o,n,s,i,s,t,s
s,i,x
y,e,a,r,s
e,l,e,m,e,n,t,a,r,y
s,c,h,o,o,l
t,h,r,e,e
y,e,a,r,s
m,i,d,d,l,e
s,c,h,o,o,l
t,h,r,e,e
y,e,a,r,s
h,i,g,h
s,c,h,o,o,l
s,t,u,d,e,n,t,s
r,e,q,u,i,r,e,d
g,o
e,l,e,m,e,n,t,a,r,y
m,i,d,d,l,e
s,c,h,o,o,l
p,a,y
e,d,u,c,a,t,i,o,n
e,x,c,e,p,t
s,m,a,l,l
f,e,e
c,a,l,l,e,d
s,c,h,o,o,l
o,p,e,r,a,t,i,o,n
s,u,p,p,o,r,t
f,e,e
d,i,f,f,e,r,s
s,c,h,o,o,l
s,c,h,o,o,l
t,h,e
p,r,o,g,r,a,m,m,e
i,n,t,e,r,n,a,t,i,o,n,a,l
s,t,u,d,e,n,t
a,s,s,e,s,s,m,e,n,t
c,o,o,r,d,i,n,a,t,e,d
o,e,c,d
r,a,n,k,s
s,o,u,t,h
k,o,r,e,a
s,c,i,e,n,c,e
e,d,u,c,a,t,i,o,n
t,h,i,r,d
b,e,s,t
w,o,r,l,d
s,i,g,n,i,f,i,c,a,n,t,l,y
h,i,g,h,e,r
o,e,c,d
a,v,e,r,a,g,e
1,8,7
s,o,u,t,h
k,o,r,e,a
r,a,n,k,s
s,e,c,o,n,d
m,a,t,h
l,i,t,e,r,a,t,u,r,e
f,i,r,s,t
p,r,o,b,l,e,m
s,o,l,v,i,n,g
c,i,t,a,t,i,o,n
n,e,e,d,e,d
a,l,t,h,o,u,g,h
s,o,u,t,h
k,o,r,e,a,n
s,t,u,d,e,n,t,s
o,f,t,e,n
r,a,n,k
h,i,g,h
i,n,t,e,r,n,a,t,i,o,n,a,l
c,o,m,p,a,r,a,t,i,v,e
a,s,s,e,s,s,m,e,n,t,s
e,d,u,c,a,t,i,o,n
s,y,s,t,e,m
c,r,i,t,i,c,i,s,e,d
e,m,p,h,a,s,i,s,i,n,g
m,u,c,h
u,p,o,n
p,a,s,s,i,v,e
l,e,a,r,n,i,n,g
m,e,m,o,r,i,z,a,t,i,o,n
t,h,e
s,o,u,t,h
k,o,r,e,a,n
e,d,u,c,a,t,i,o,n
s,y,s,t,e,m
r,a,t,h,e,r
n,o,t,a,b,l,y
s,t,r,i,c,t
s,t,r,u,c,t,u,r,e,d
c,o,m,p,a,r,e,d
c,o,u,n,t,e,r,p,a,r,t,s
w,e,s,t,e,r,n
s,o,c,i,e,t,i,e,s
a,l,s,o
p,r,e,v,a,l,e,n,c,e
n,o,n
s,c,h,o,o,l
p,r,o,f,i,t
p,r,i,v,a,t,e
i,n,s,t,i,t,u,t,e,s
a,c,a,d,e,m,i,e,s
c,r,a,m
s,c,h,o,o,l,s
h,a,g,w,o,n
e,m,p,h,a,s,i,s,e
p,a,s,s,i,v,e
m,e,m,o,r,i,s,a,t,i,o,n
o,p,p,o,s,e,d
c,o,n,c,e,p,t,u,a,l
u,n,d,e,r,s,t,a,n,d,i,n,g
s,t,u,d,e,n,t,s
c,r,i,t,i,c,i,s,e,d
m,a,j,o,r
s,o,c,i,a,l
p,r,o,b,l,e,m
a,f,t,e,r
s,t,u,d,e,n,t,s
e,n,t,e,r
u,n,i,v,e,r,s,i,t,y
h,o,w,e,v,e,r
s,i,t,u,a,t,i,o,n
m,a,r,k,e,d,l,y
r,e,v,e,r,s,e,d
c,i,t,a,t,i,o,n
n,e,e,d,e,d
i,n
k,o,r,e,a
u,n,i,v,e,r,s,i,t,y
h,a,r,d
e,n,t,e,r
g,r,a,d,u,a,t,i,o,n
c,o,m,p,a,r,a,t,i,v,e,l,y
e,a,s,i,e,r
e,n,t,r,y
t,h,e
n,o,r,t,h
k,o,r,e,a,n
e,d,u,c,a,t,i,o,n
s,y,s,t,e,m
c,o,n,s,i,s,t,s
p,r,i,m,a,r,i,l,y
u,n,i,v,e,r,s,a,l
s,t,a,t,e
f,u,n,d,e,d
s,c,h,o,o,l,i,n,g
g,o,v,e,r,n,m,e,n,t
t,h,e
n,a,t,i,o,n,a,l
l,i,t,e,r,a,c,y
r,a,t,e
c,i,t,i,z,e,n,s
1,5
y,e,a,r,s
a,g,e
9,9
p,e,r,c,e,n,t
1,8,8
1,8,9
c,h,i,l,d,r,e,n
g,o
o,n,e
y,e,a,r
k,i,n,d,e,r,g,a,r,t,e,n
f,o,u,r
y,e,a,r,s
p,r,i,m,a,r,y
e,d,u,c,a,t,i,o,n
s,i,x
y,e,a,r,s
s,e,c,o,n,d,a,r,y
e,d,u,c,a,t,i,o,n
u,n,i,v,e,r,s,i,t,i,e,s
t,h,e
p,r,e,s,t,i,g,i,o,u,s
u,n,i,v,e,r,s,i,t,y
d,p,r,k
k,i,m
i,l
s,u,n,g
u,n,i,v,e,r,s,i,t,y
o,t,h,e,r
n,o,t,a,b,l,e
u,n,i,v,e,r,s,i,t,i,e,s
i,n,c,l,u,d,e
k,i,m
c,h,a,e,k
u,n,i,v,e,r,s,i,t,y
t,e,c,h,n,o,l,o,g,y
f,o,c,u,s,e,s
c,o,m,p,u,t,e,r
s,c,i,e,n,c,e
p,y,o,n,g,y,a,n,g
u,n,i,v,e,r,s,i,t,y
f,o,r,e,i,g,n
s,t,u,d,i,e,s
t,r,a,i,n,s
w,o,r,k,i,n,g
l,e,v,e,l
d,i,p,l,o,m,a,t,s
t,r,a,d,e
o,f,f,i,c,i,a,l,s
k,i,m
h,y,o,n,g
j,i,k
u,n,i,v,e,r,s,i,t,y
t,r,a,i,n,s
t,e,a,c,h,e,r,s
o,u,t,s,i,d,e
f,o,r,m,a,l
s,t,r,u,c,t,u,r,e
s,c,h,o,o,l,s
c,l,a,s,s,r,o,o,m,s
n,o,r,t,h
e,x,t,r,e,m,e,l,y
i,m,p,o,r,t,a,n,t
s,o,c,i,a,l
e,d,u,c,a,t,i,o,n
t,h,i,s
e,d,u,c,a,t,i,o,n
i,n,c,l,u,d,e,s
e,x,t,r,a,c,u,r,r,i,c,u,l,a,r
a,c,t,i,v,i,t,i,e,s
a,l,s,o
f,a,m,i,l,y
l,i,f,e
b,r,o,a,d,e,s,t
r,a,n,g,e
h,u,m,a,n
r,e,l,a,t,i,o,n,s,h,i,p,s
w,i,t,h,i,n
s,o,c,i,e,t,y
t,h,e,r,e
g,r,e,a,t
s,e,n,s,i,t,i,v,i,t,y
i,n,f,l,u,e,n,c,e
s,o,c,i,a,l
e,n,v,i,r,o,n,m,e,n,t
g,r,o,w,i,n,g
c,h,i,l,d
r,o,l,e
d,e,v,e,l,o,p,m,e,n,t
c,h,a,r,a,c,t,e,r
t,h,e
i,d,e,a,l
s,o,c,i,a,l
e,d,u,c,a,t,i,o,n
p,r,o,v,i,d,e
c,a,r,e,f,u,l,l,y
c,o,n,t,r,o,l,l,e,d
e,n,v,i,r,o,n,m,e,n,t
c,h,i,l,d,r,e,n
e,x,p,o,s,e,d
p,r,o
j,u,c,h,e
a,n,t,i
s,o,u,t,h
i,n,f,l,u,e,n,c,e,s
a,c,c,o,r,d,i,n,g
n,o,r,t,h
k,o,r,e,a,n
o,f,f,i,c,i,a,l
i,n,t,e,r,v,i,e,w,e,d
1,9,9,0
s,c,h,o,o,l
e,d,u,c,a,t,i,o,n
e,n,o,u,g,h
t,u,r,n
r,i,s,i,n,g
g,e,n,e,r,a,t,i,o,n
m,e,n
k,n,o,w,l,e,d,g,e
v,i,r,t,u,e
p,h,y,s,i,c,a,l
f,i,t,n,e,s,s
a,f,t,e,r
s,c,h,o,o,l
c,h,i,l,d,r,e,n
m,a,n,y
s,p,a,r,e
h,o,u,r,s
s,o
i,m,p,o,r,t,a,n,t
e,f,f,i,c,i,e,n,t,l,y
o,r,g,a,n,i,s,e
a,f,t,e,r,s,c,h,o,o,l
e,d,u,c,a,t,i,o,n
s,c,i,e,n,c,e
t,e,c,h,n,o,l,o,g,y
o,n,e
b,e,s,t
k,n,o,w,n
a,r,t,i,f,a,c,t,s
k,o,r,e,a
h,i,s,t,o,r,y
s,c,i,e,n,c,e
t,e,c,h,n,o,l,o,g,y
c,h,e,o,m,s,e,o,n,g,d,a,e
9
4
m,e,t,e,r
h,i,g,h
o,b,s,e,r,v,a,t,o,r,y
b,u,i,l,t
6,3,4
d,u,r,i,n,g
g,o,r,y,e,o
d,y,n,a,s,t,y
m,e,t,a,l
m,o,v,a,b,l,e
t,y,p,e
p,r,i,n,t,i,n,g
i,n,v,e,n,t,e,d
c,h,o,e
y,u,n
u,i
1,2,3,4
1,9,1
6
1,9,2
1,9,3
9
4
t,h,i,s
i,n,v,e,n,t,i,o,n
m,a,d,e
p,r,i,n,t,i,n,g
e,a,s,i,e,r
e,f,f,i,c,i,e,n,t
a,l,s,o
i,n,c,r,e,a,s,e,d
l,i,t,e,r,a,c,y
o,b,s,e,r,v,e,d
c,h,i,n,e,s,e
v,i,s,i,t,o,r,s
s,e,e,n
i,m,p,o,r,t,a,n,t
c,o,n,s,i,d,e,r,e,d
s,h,a,m,e,f,u,l
a,b,l,e
r,e,a,d
1,9,4
t,h,e
m,o,n,g,o,l
e,m,p,i,r,e
l,a,t,e,r
a,d,o,p,t,e,d
k,o,r,e,a
m,o,v,a,b,l,e
t,y,p,e
p,r,i,n,t,i,n,g
s,p,r,e,a,d
f,a,r
c,e,n,t,r,a,l
a,s,i,a
t,h,e,r,e
c,o,n,j,e,c,t,u,r,e
w,h,e,t,h,e,r
c,h,o,e
i,n,v,e,n,t,i,o,n
i,n,f,l,u,e,n,c,e
l,a,t,e,r
p,r,i,n,t,i,n,g
i,n,v,e,n,t,i,o,n,s
g,u,t,e,n,b,e,r,g
p,r,i,n,t,i,n,g
p,r,e,s,s
1,9,5
w,h,e,n
m,o,n,g,o,l,s
i,n,v,a,d,e,d
e,u,r,o,p,e
i,n,a,d,v,e,r,t,e,n,t,l,y
i,n,t,r,o,d,u,c,e,d
d,i,f,f,e,r,e,n,t
k,i,n,d,s
a,s,i,a,n
t,e,c,h,n,o,l,o,g,y
c,i,t,a,t,i,o,n
n,e,e,d,e,d
d,u,r,i,n,g
j,o,s,e,o,n
p,e,r,i,o,d
t,u,r,t,l,e
s,h,i,p
i,n,v,e,n,t,e,d
c,o,v,e,r,e,d
w,o,o,d,e,n
d,e,c,k
i,r,o,n
t,h,o,r,n,s
1,9,6
1,9,7
1,9,8
w,e,l,l
w,e,a,p,o,n,s
b,i,g,y,e,o,k,j,i,n,c,h,e,o,l,l,o,e
c,a,n,n,o,n
h,w,a,c,h,a
t,h,e
k,o,r,e,a,n
a,l,p,h,a,b,e,t
h,a,n,g,u,l
a,l,s,o
i,n,v,e,n,t,e,d
t,i,m,e
k,i,n,g
s,e,j,o,n,g
g,r,e,a,t
s,p,o,r,t
n,o,r,t,h
k,o,r,e,a
s,o,u,t,h
k,o,r,e,a
u,s,u,a,l,l,y
c,o,m,p,e,t,e
t,w,o
s,e,p,a,r,a,t,e
n,a,t,i,o,n,s
i,n,t,e,r,n,a,t,i,o,n,a,l
e,v,e,n,t,s
t,h,e,r,e
h,o,w,e,v,e,r
e,x,a,m,p,l,e,s
c,o,m,p,e,t,e,d
o,n,e
e,n,t,i,t,y
n,a,m,e
k,o,r,e,a
w,h,i,l,e
a,s,s,o,c,i,a,t,i,o,n
f,o,o,t,b,a,l,l
r,e,m,a,i,n,s
o,n,e
p,o,p,u,l,a,r
s,p,o,r,t,s
s,o,u,t,h
k,o,r,e,a
m,a,r,t,i,a,l
a,r,t
t,a,e,k,w,o,n,d,o
c,o,n,s,i,d,e,r,e,d
n,a,t,i,o,n,a,l
s,p,o,r,t
b,a,s,e,b,a,l,l
g,o,l,f
a,l,s,o
p,o,p,u,l,a,r
t,a,e,k,w,o,n
d,o
t,a,e,k,w,o,n
d,o
k,o,r,e,a
f,a,m,o,u,s
m,a,r,t,i,a,l
a,r,t
s,p,o,r,t
i,t
c,o,m,b,i,n,e,s
c,o,m,b,a,t
t,e,c,h,n,i,q,u,e,s
s,e,l,f
d,e,f,e,n,c,e
s,p,o,r,t
e,x,e,r,c,i,s,e
t,a,e,k,w,o,n
d,o
b,e,c,o,m,e
o,f,f,i,c,i,a,l
o,l,y,m,p,i,c
s,p,o,r,t
s,t,a,r,t,i,n,g
d,e,m,o,n,s,t,r,a,t,i,o,n
e,v,e,n,t
1,9,8,8
s,o,u,t,h
k,o,r,e,a
h,o,s,t,e,d
g,a,m,e,s
s,e,o,u,l
b,e,c,o,m,i,n,g
o,f,f,i,c,i,a,l
m,e,d,a,l
e,v,e,n,t
2,0,0,0
t,h,e
t,w,o
m,a,j,o,r
t,a,e,k,w,o,n
d,o
f,e,d,e,r,a,t,i,o,n,s
f,o,u,n,d,e,d
k,o,r,e,a
t,h,e
t,w,o
i,n,t,e,r,n,a,t,i,o,n,a,l
t,a,e,k,w,o,n
d,o
f,e,d,e,r,a,t,i,o,n
w,o,r,l,d
t,a,e,k,w,o,n,d,o
f,e,d,e,r,a,t,i,o,n
h,a,p,k,i,d,o
h,a,p,k,i,d,o
m,o,d,e,r,n
k,o,r,e,a,n
m,a,r,t,i,a,l
a,r,t
g,r,a,p,p,l,i,n,g
f,o,c,u,s
e,m,p,l,o,y,s
j,o,i,n,t
l,o,c,k,s
t,h,r,o,w,s
k,i,c,k,s
p,u,n,c,h,e,s
s,t,r,i,k,i,n,g
a,t,t,a,c,k,s
l,i,k,e
a,t,t,a,c,k,s
p,r,e,s,s,u,r,e
p,o,i,n,t,s
h,a,p,k,i,d,o
e,m,p,h,a,s,i,z,e,s
c,i,r,c,u,l,a,r
m,o,t,i,o,n
n,o,n
r,e,s,i,s,t,i,n,g
m,o,v,e,m,e,n,t,s
c,o,n,t,r,o,l
o,p,p,o,n,e,n,t
p,r,a,c,t,i,t,i,o,n,e,r,s
s,e,e,k
g,a,i,n
a,d,v,a,n,t,a,g,e
f,o,o,t,w,o,r,k
b,o,d,y
p,o,s,i,t,i,o,n,i,n,g
e,m,p,l,o,y
l,e,v,e,r,a,g,e
a,v,o,i,d,i,n,g
p,u,r,e
u,s,e
s,t,r,e,n,g,t,h
s,t,r,e,n,g,t,h
s,s,i,r,e,u,m
s,s,i,r,e,u,m
c,o,m,p,e,t,i,t,i,o,n,s
t,r,a,d,i,t,i,o,n,a,l,l,y
h,e,l,d
t,w,i,c,e
y,e,a,r
d,a,n,o
f,e,s,t,i,v,a,l
5,t,h
d,a,y
f,i,f,t,h
l,u,n,a,r
m,o,n,t,h
c,h,u,s,e,o,k
1,5,t,h
d,a,y
8,t,h
l,u,n,a,r
m,o,n,t,h
c,o,m,p,e,t,i,t,i,o,n,s
a,l,s,o
h,e,l,d
t,h,r,o,u,g,h,o,u,t
y,e,a,r
p,a,r,t
f,e,s,t,i,v,a,l,s
e,v,e,n,t,s
t,a,e,k,k,y,o,n
t,a,e,k,k,y,o,n
t,r,a,d,i,t,i,o,n,a,l
m,a,r,t,i,a,l
a,r,t
c,o,n,s,i,d,e,r,e,d
o,l,d,e,s,t
f,o,r,m
f,i,g,h,t,i,n,g
t,e,c,h,n,i,q,u,e
k,o,r,e,a
p,r,a,c,t,i,c,e,d
s,i,n,c,e
c,e,n,t,u,r,i,e,s
e,s,p,e,c,i,a,l,l,y
p,o,p,u,l,a,r
j,o,s,e,o,n
d,y,n,a,s,t,y
t,w,o
f,o,r,m,s
c,o
e,x,i,s,t,e,d
o,n,e
p,r,a,c,t,i,c,a,l
u,s,e
s,p,o,r,t
t,h,i,s
f,o,r,m
u,s,u,a,l,l,y
p,r,a,c,t,i,c,e,d
a,l,o,n,g,s,i,d,e
s,s,i,r,e,u,m
f,e,s,t,i,v,a,l,s
c,o,m,p,e,t,i,t,i,o,n,s
v,i,l,l,a,g,e,s
n,o,n,e,t,h,e,l,e,s,s
t,a,e,k,k,y,o,n
a,l,m,o,s,t
d,i,s,a,p,p,e,a,r,e,d
j,a,p,a,n,e,s,e
o,c,c,u,p,a,t,i,o,n
k,o,r,e,a,n
w,a,r
t,h,o,u,g,h
l,o,s,t
n,o,r,t,h
k,o,r,e,a
t,a,e,k,k,y,o,n
e,n,j,o,y,e,d
s,p,e,c,t,a,c,u,l,a,r
r,e,v,i,v,a,l
1,9,8,0,s
s,o,u,t,h
k,o,r,e,a
i,t
m,a,r,t,i,a,l
a,r,t
w,o,r,l,d
s,s,i,r,e,u,m
r,e,c,o,g,n,i,z,e,d
n,a,t,i,o,n,a,l
t,r,e,a,s,u,r,e
s,o,u,t,h
k,o,r,e,a
u,n,e,s,c,o
i,n,t,a,n,g,i,b,l,e
c,u,l,t,u,r,a,l
h,e,r,i,t,a,g,e
c,o,m,p,a,r,i,s,o,n
t,w,o
c,o,u,n,t,r,i,e,s
k,o,r,e,a
n,o,t,a,b,l,e
p,u,b,l,i,c
h,o,l,i,d,a,y,s
s,o,u,t,h
k,o,r,e,a
i,n,d,e,p,e,n,d,e,n,c,e
m,o,v,e,m,e,n,t
d,a,y
m,a,r,c,h
1,s,t
s,a,m,i,l,j,e,o,l
i,n,d,e,p,e,n,d,e,n,c,e
m,o,v,e,m,e,n,t
d,a,y
c,o,m,m,e,m,o,r,a,t,e,s
k,o,r,e,a
d,e,c,l,a,r,a,t,i,o,n
i,n,d,e,p,e,n,d,e,n,c,e
j,a,p,a,n,e,s,e
o,c,c,u,p,a,t,i,o,n
m,a,r,c,h
1
1,9,1,9
t,h,e
n,a,m,e
d,e,r,i,v,e,d
k,o,r,e,a,n
s,a,m
t,h,r,e,e
i,l
o,n,e
j,e,o,l
d,a,y
d,a,t,e
u,p,r,i,s,i,n,g
1,9,1,9
k,o,r,e,a
a,n,n,e,x,e,d
e,m,p,i,r,e
j,a,p,a,n
a,u,g,u,s,t
2,9
1,9,1,0
f,o,l,l,o,w,i,n,g
i,m,p,o,s,e,d
j,a,p,a,n
k,o,r,e,a
t,r,e,a,t,y
o,n
m,a,r,c,h
1
1,9,1,9
k,o,r,e,a,n
p,r,e,s,e,n,t,e,d
r,e,s,i,s,t,a,n,c,e
t,o,w,a,r,d,s
j,a,p,a,n
j,a,p,a,n,e,s,e
o,c,c,u,p,a,t,i,o,n
d,e,c,l,a,r,a,t,i,o,n
i,n,d,e,p,e,n,d,e,n,c,e
f,o,l,l,o,w,i,n,g
c,o,n,c,l,u,s,i,o,n
w,o,r,l,d
w,a,r
i,i
k,o,r,e,a
l,i,b,e,r,a,t,e,d
j,a,p,a,n
i,n,d,e,p,e,n,d,e,n,c,e
r,e,s,t,o,r,e,d
t,h,e
n,e,w,l,y
e,s,t,a,b,l,i,s,h,e,d
k,o,r,e,a,n
g,o,v,e,r,n,m,e,n,t
s,e,t
a,s,i,d,e
m,a,r,c,h
1
n,a,t,i,o,n,a,l
h,o,l,i,d,a,y
c,o,m,m,e,m,o,r,a,t,e
s,a,c,r,i,f,i,c,e,s
b,o,r,n,e
l,o,n,g
s,t,r,u,g,g,l,e
k,o,r,e,a,n
i,n,d,e,p,e,n,d,e,n,c,e
m,e,m,o,r,i,a,l
d,a,y
j,u,n,e
6,t,h
h,y,u,n,c,h,o,o,n,g,i,l
n,a,t,i,o,n,a,l
h,o,l,i,d,a,y
k,o,r,e,a
c,o,m,m,e,m,o,r,a,t,i,n,g
f,o,u,g,h,t
d,i,e,d
n,a,t,i,o,n
i,n
a,u,g,u,s,t
1,9,4,8
y,e,a,r,s
k,o,r,e,a
a,c,h,i,e,v,e,d
i,n,d,e,p,e,n,d,e,n,c,e
j,a,p,a,n
k,o,r,e,a,n
w,a,r
k,o,r,e,a
a,l,s,o
k,n,o,w,n
6
2,5
w,a,r
b,r,o,k,e
n,o,r,t,h
s,o,u,t,h
k,o,r,e,a
d,u,r,i,n,g
w,a,r
a,p,p,r,o,x,i,m,a,t,e,l,y
4,0,0
0,0,0
s,o,l,d,i,e,r,s
o,n,e
m,i,l,l,i,o,n
c,i,t,i,z,e,n,s
k,i,l,l,e,d
i,n,j,u,r,e,d
i,n
1,9,5,3
n,o,r,t,h
s,o,u,t,h
k,o,r,e,a
a,g,r,e,e,d
c,e,a,s,e
f,i,r,e
t,h,r,e,e
y,e,a,r,s
l,a,t,e,r
k,o,r,e,a,n
g,o,v,e,r,n,m,e,n,t
e,s,t,a,b,l,i,s,h,e,d
h,y,u,n,g,c,h,o,o,g,i,l
c,o,m,m,e,m,o,r,a,t,e
s,o,l,d,i,e,r,s
f,o,u,g,h,t
k,o,r,e,a,n
w,a,r
s,u,b,s,e,q,u,e,n,t
e,s,t,a,b,l,i,s,h,m,e,n,t
h,y,u,n,g,c,h,o,o,g,i,l
r,e,i,n,t,e,r,p,r,e,t,e,d
d,a,y
r,e,m,e,m,b,r,a,n,c,e
d,i,e,d
d,e,f,e,n,d,i,n,g
k,o,r,e,a
c,o,n,f,l,i,c,t,s
k,o,r,e,a,n
w,a,r
n,a,t,i,o,n,a,l
l,i,b,e,r,a,t,i,o,n
d,a,y
a,u,g,u,s,t
1,5,t,h
g,w,a,n,g,b,o,k,j,e,o,l
d,a,y
c,e,l,e,b,r,a,t,i,n,g
l,i,b,e,r,a,t,i,o,n
c,o,u,n,t,r,y
j,a,p,a,n
1,9,4,5
w,e,l,l
c,e,l,e,b,r,a,t,i,n,g
e,s,t,a,b,l,i,s,h,m,e,n,t
k,o,r,e,a,n
g,o,v,e,r,n,m,e,n,t
1,9,4,8
g,w,a,n,g,b,o,k
m,e,a,n,s
r,e,t,u,r,n,e,d
l,i,g,h,t
r,e,p,r,e,s,e,n,t,i,n,g
g,a,i,n,i,n,g
n,a,t,i,o,n,a,l
s,o,v,e,r,e,i,g,n,t,y
j,a,p,a,n
i,t
f,i,r,s,t
d,e,c,l,a,r,e,d
n,a,t,i,o,n,a,l
h,o,l,i,d,a,y
1,9,4,9
o,c,t,o,b,e,r
1
o,n
d,a,t,e
e,v,e,r,y
y,e,a,r
p,r,e,s,i,d,e,n,t
k,o,r,e,a
v,i,s,i,t,s
i,n,d,e,p,e,n,d,e,n,c,e
h,a,l,l
i,n,v,i,t,e,s
d,i,p,l,o,m,a,t,i,c
e,n,v,o,y,s
m,a,n,y
c,o,u,n,t,r,i,e,s
s,o,c,i,a,l
s,t,a,n,d,i,n,g,s
c,o,u,n,t,r,i,e,s
c,h,e,o,n,g,w,a,d,a,e
b,l,u,e
h,o,u,s,e
k,o,r,e,a,n
p,r,e,s,i,d,e,n,t,i,a,l
r,e,s,i,d,e,n,c,e
h,a,n,g,u,l
d,a,y
o,c,t,o,b,e,r
9,t,h
h,a,n,g,u,l
d,a,y
a,l,s,o
s,p,e,l,l,e,d
h,a,n,g,e,u,l
d,a,y
d,a,y
c,e,l,e,b,r,a,t,e,s
c,r,e,a,t,i,o,n
h,u,n,m,i,n,j,e,o,n,g,e,u,m
h,a,n,g,u,l
k,o,r,e,a,n
a,l,p,h,a,b,e,t
i,n,s,c,r,i,b,e,d
u,n,e,s,c,o
m,e,m,o,r,y
w,o,r,l,d
r,e,g,i,s,t,e,r
1,9,9,7
1,9,9
h,a,n,g,u,l
c,r,e,a,t,e,d
s,e,j,o,n,g
g,r,e,a,t
1,4,4,3
p,r,o,c,l,a,i,m,e,d
1,4,4,6
b,e,f,o,r,e
c,r,e,a,t,i,o,n
h,a,n,g,u,l
p,e,o,p,l,e
k,o,r,e,a
k,n,o,w,n
j,o,s,e,o,n
t,i,m,e
p,r,i,m,a,r,i,l,y
w,r,o,t,e
u,s,i,n,g
c,l,a,s,s,i,c,a,l
c,h,i,n,e,s,e
a,l,o,n,g,s,i,d,e
n,a,t,i,v,e
p,h,o,n,e,t,i,c
w,r,i,t,i,n,g
s,y,s,t,e,m,s
p,r,e,d,a,t,e
h,a,n,g,u,l
h,u,n,d,r,e,d,s
y,e,a,r,s
i,n,c,l,u,d,i,n,g
i,d,u
h,y,a,n,g,c,h,a,l
g,u,g,y,e,o,l
g,a,k,p,i,l
2,0,0
2,0,1
2,0,2
2,0,3
h,o,w,e,v,e,r
d,u,e
f,u,n,d,a,m,e,n,t,a,l
d,i,f,f,e,r,e,n,c,e,s
k,o,r,e,a,n
c,h,i,n,e,s,e
l,a,n,g,u,a,g,e,s
l,a,r,g,e
n,u,m,b,e,r
c,h,a,r,a,c,t,e,r,s
n,e,e,d,e,d
l,e,a,r,n,e,d
m,u,c,h
d,i,f,f,i,c,u,l,t,y
l,e,a,r,n,i,n,g
w,r,i,t,e
u,s,i,n,g
c,h,i,n,e,s,e
c,h,a,r,a,c,t,e,r,s
l,o,w,e,r
c,l,a,s,s,e,s
o,f,t,e,n
p,r,i,v,i,l,e,g,e
e,d,u,c,a,t,i,o,n
t,o
a,s,s,u,a,g,e
p,r,o,b,l,e,m
k,i,n,g
s,e,j,o,n,g
c,r,e,a,t,e,d
u,n,i,q,u,e
a,l,p,h,a,b,e,t
k,n,o,w,n
h,a,n,g,u,l
p,r,o,m,o,t,e
l,i,t,e,r,a,c,y
a,m,o,n,g
c,o,m,m,o,n
p,e,o,p,l,e
2,0,4
h,a,n,g,u,l
d,a,y
f,o,u,n,d,e,d
1,9,2,6
j,a,p,a,n,e,s,e
o,c,c,u,p,a,t,i,o,n
m,e,m,b,e,r,s
k,o,r,e,a,n
l,a,n,g,u,a,g,e
s,o,c,i,e,t,y
w,h,o,s,e
g,o,a,l
p,r,e,s,e,r,v,e
k,o,r,e,a,n
l,a,n,g,u,a,g,e
t,i,m,e
r,a,p,i,d
f,o,r,c,e,d
j,a,p,a,n,i,z,a,t,i,o,n
2,0,5
t,o,d,a,y
s,o,u,t,h
k,o,r,e,a
n,o,r,t,h
k,o,r,e,a
c,e,l,e,b,r,a,t,e
h,a,n,g,u,l
d,a,y
n,a,t,i,o,n,a,l
h,o,l,i,d,a,y
s,e,e
a,l,s,o
n,o,t,e,s
r,e,f,e,r,e,n,c,e,s
s,o,u,r,c,e,s
f,u,r,t,h,e,r
r,e,a,d,i,n,g
e,x,t,e,r,n,a,l
l,i,n,k,s
